{
"type": "FeatureCollection",
"name": "drive_time_coverage",
"crs": { "type": "name", "properties": { "name": "urn:ogc:def:crs:OGC:1.3:CRS84" } },
"features": [
{ "type": "Feature", "properties": { }, "geometry": { "type": "MultiPolygon", "coordinates": [ [ [ [ 77.408620951165091, 16.379642951938489 ], [ 77.408200083684122, 16.379390693678261 ], [ 77.407756517161829, 16.379180902337446 ], [ 77.40729452338627, 16.379015598321338 ], [ 77.406818551610073, 16.378896373597986 ], [ 77.406333185701641, 16.378824376366641 ], [ 77.4058431, 16.3788003 ], [ 77.405353014298356, 16.378824376366641 ], [ 77.404867648389924, 16.378896373597986 ], [ 77.404391676613727, 16.379015598321338 ], [ 77.403929682838168, 16.379180902337446 ], [ 77.403486116315875, 16.379390693678261 ], [ 77.403065248834906, 16.379642951938489 ], [ 77.402671133579176, 16.379935247733187 ], [ 77.402307566094066, 16.380264766094069 ], [ 77.401978047733181, 16.380628333579182 ], [ 77.401685751938487, 16.381022448834901 ], [ 77.401433493678255, 16.38144331631587 ], [ 77.401223702337447, 16.381886882838174 ], [ 77.401058398321339, 16.38234887661373 ], [ 77.400939173597976, 16.382824848389919 ], [ 77.400867176366631, 16.383310214298351 ], [ 77.400859294344102, 16.38347065655276 ], [ 77.400581551938487, 16.383845148834901 ], [ 77.400329293678254, 16.38426601631587 ], [ 77.400119502337446, 16.384709582838173 ], [ 77.399954198321339, 16.385171576613729 ], [ 77.399834973597976, 16.385647548389919 ], [ 77.399762976366631, 16.386132914298351 ], [ 77.3997389, 16.386623 ], [ 77.399762976366631, 16.38711308570165 ], [ 77.399834973597976, 16.387598451610081 ], [ 77.399954198321339, 16.388074423386271 ], [ 77.400119502337446, 16.388536417161827 ], [ 77.400329293678254, 16.388979983684131 ], [ 77.400581551938487, 16.389400851165099 ], [ 77.40087384773318, 16.389794966420819 ], [ 77.401203366094066, 16.390158533905932 ], [ 77.401566933579176, 16.390488052266814 ], [ 77.401961048834906, 16.390780348061512 ], [ 77.402381916315875, 16.39103260632174 ], [ 77.402825482838168, 16.391242397662555 ], [ 77.403287476613727, 16.391407701678663 ], [ 77.403763448389924, 16.391526926402015 ], [ 77.404248814298356, 16.39159892363336 ], [ 77.4047389, 16.391623 ], [ 77.40522898570164, 16.39159892363336 ], [ 77.405714351610072, 16.391526926402015 ], [ 77.406190323386269, 16.391407701678663 ], [ 77.406652317161829, 16.391242397662555 ], [ 77.407095883684121, 16.39103260632174 ], [ 77.40751675116509, 16.390780348061512 ], [ 77.407910866420821, 16.390488052266814 ], [ 77.40827443390593, 16.390158533905932 ], [ 77.408591487930551, 16.389808718696646 ], [ 77.40864485193849, 16.389897751165098 ], [ 77.408937147733184, 16.390291866420817 ], [ 77.409266666094069, 16.39065543390593 ], [ 77.409630233579179, 16.390984952266813 ], [ 77.410024348834909, 16.39127724806151 ], [ 77.410445216315878, 16.391529506321739 ], [ 77.410888782838171, 16.391739297662554 ], [ 77.41135077661373, 16.391904601678661 ], [ 77.411826748389927, 16.392023826402013 ], [ 77.412312114298359, 16.392095823633358 ], [ 77.4128022, 16.3921199 ], [ 77.413292285701644, 16.392095823633358 ], [ 77.413777651610076, 16.392023826402013 ], [ 77.414253623386273, 16.391904601678661 ], [ 77.414715617161832, 16.391739297662554 ], [ 77.415159183684125, 16.391529506321739 ], [ 77.415580051165094, 16.39127724806151 ], [ 77.415974166420824, 16.390984952266813 ], [ 77.416337733905934, 16.39065543390593 ], [ 77.416667252266819, 16.390291866420817 ], [ 77.416959548061513, 16.389897751165098 ], [ 77.417211806321745, 16.389476883684129 ], [ 77.417421597662553, 16.389033317161825 ], [ 77.417586901678661, 16.38857132338627 ], [ 77.417706126402024, 16.38809535161008 ], [ 77.417778123633369, 16.387609985701648 ], [ 77.4178022, 16.3871199 ], [ 77.417778123633369, 16.386629814298349 ], [ 77.417706126402024, 16.386144448389917 ], [ 77.417586901678661, 16.385668476613727 ], [ 77.417421597662553, 16.385206482838171 ], [ 77.417211806321745, 16.384762916315868 ], [ 77.416959548061513, 16.384342048834899 ], [ 77.416667252266819, 16.383947933579179 ], [ 77.416337733905934, 16.383584366094066 ], [ 77.415974166420824, 16.383254847733184 ], [ 77.415580051165094, 16.382962551938487 ], [ 77.415159183684125, 16.382710293678258 ], [ 77.414715617161832, 16.382500502337443 ], [ 77.414253623386273, 16.382335198321336 ], [ 77.413777651610076, 16.382215973597983 ], [ 77.413292285701644, 16.382143976366638 ], [ 77.4128022, 16.3821199 ], [ 77.412312114298359, 16.382143976366638 ], [ 77.411826748389927, 16.382215973597983 ], [ 77.41135077661373, 16.382335198321336 ], [ 77.410888782838171, 16.382500502337443 ], [ 77.410689402799349, 16.382594802072827 ], [ 77.410627801678658, 16.38234887661373 ], [ 77.41046249766255, 16.381886882838174 ], [ 77.410252706321742, 16.38144331631587 ], [ 77.41000044806151, 16.381022448834901 ], [ 77.409708152266816, 16.380628333579182 ], [ 77.409378633905931, 16.380264766094069 ], [ 77.409015066420821, 16.379935247733187 ], [ 77.408620951165091, 16.379642951938489 ] ] ], [ [ [ 77.3633382, 16.3936528 ], [ 77.362848114298359, 16.393676876366641 ], [ 77.362362748389927, 16.393748873597985 ], [ 77.36188677661373, 16.393868098321338 ], [ 77.361424782838171, 16.394033402337445 ], [ 77.360981216315878, 16.39424319367826 ], [ 77.360560348834909, 16.394495451938489 ], [ 77.360166233579179, 16.394787747733186 ], [ 77.359802666094069, 16.395117266094068 ], [ 77.359473147733183, 16.395480833579182 ], [ 77.35918085193849, 16.395874948834901 ], [ 77.358928593678257, 16.39629581631587 ], [ 77.358718802337449, 16.396739382838174 ], [ 77.358553498321342, 16.397201376613729 ], [ 77.358434273597979, 16.397677348389919 ], [ 77.358362276366634, 16.398162714298351 ], [ 77.3583382, 16.3986528 ], [ 77.358362276366634, 16.39914288570165 ], [ 77.358434273597979, 16.399628251610082 ], [ 77.358553498321342, 16.400104223386272 ], [ 77.358718802337449, 16.400566217161828 ], [ 77.358928593678257, 16.401009783684131 ], [ 77.35918085193849, 16.4014306511651 ], [ 77.359473147733183, 16.40182476642082 ], [ 77.359802666094069, 16.402188333905933 ], [ 77.360166233579179, 16.402517852266815 ], [ 77.360560348834909, 16.402810148061512 ], [ 77.360837166774928, 16.402976066349591 ], [ 77.360977351938487, 16.403209951165099 ], [ 77.361269647733181, 16.403604066420819 ], [ 77.361599166094067, 16.403967633905932 ], [ 77.361818670578188, 16.404166581173712 ], [ 77.361914066094073, 16.404271833905931 ], [ 77.362277633579183, 16.404601352266813 ], [ 77.362657779359964, 16.404883287592781 ], [ 77.362871266094061, 16.405118833905931 ], [ 77.36323483357917, 16.405448352266813 ], [ 77.363628948834901, 16.40574064806151 ], [ 77.36404981631587, 16.405992906321739 ], [ 77.364493382838162, 16.406202697662554 ], [ 77.364955376613722, 16.406368001678661 ], [ 77.365431348389919, 16.406487226402014 ], [ 77.365916714298351, 16.406559223633359 ], [ 77.3664068, 16.4065833 ], [ 77.366896885701635, 16.406559223633359 ], [ 77.367382251610067, 16.406487226402014 ], [ 77.367858223386264, 16.406368001678661 ], [ 77.368320217161823, 16.406202697662554 ], [ 77.368763783684116, 16.405992906321739 ], [ 77.369184651165085, 16.40574064806151 ], [ 77.369578766420815, 16.405448352266813 ], [ 77.369942333905925, 16.405118833905931 ], [ 77.370271852266811, 16.404755266420818 ], [ 77.370564148061504, 16.404361151165098 ], [ 77.370816406321737, 16.403940283684129 ], [ 77.371026197662545, 16.403496717161826 ], [ 77.371191501678652, 16.40303472338627 ], [ 77.371310726402015, 16.40255875161008 ], [ 77.37138272363336, 16.402073385701648 ], [ 77.371406799999988, 16.4015833 ], [ 77.37138272363336, 16.401093214298349 ], [ 77.371310726402015, 16.400607848389917 ], [ 77.371191501678652, 16.400131876613727 ], [ 77.371026197662545, 16.399669882838172 ], [ 77.370816406321737, 16.399226316315868 ], [ 77.370564148061504, 16.398805448834899 ], [ 77.370271852266811, 16.39841133357918 ], [ 77.369942333905925, 16.398047766094066 ], [ 77.369578766420815, 16.397718247733184 ], [ 77.369471502423053, 16.397638695330652 ], [ 77.369365252266817, 16.397495433579181 ], [ 77.369035733905932, 16.397131866094067 ], [ 77.368756024400142, 16.396878352175342 ], [ 77.368727033905927, 16.396846366094067 ], [ 77.368363466420817, 16.396516847733185 ], [ 77.367969351165087, 16.396224551938488 ], [ 77.367556927935368, 16.39597735496768 ], [ 77.367495548061513, 16.395874948834901 ], [ 77.367203252266819, 16.395480833579182 ], [ 77.366873733905933, 16.395117266094068 ], [ 77.366510166420824, 16.394787747733186 ], [ 77.366116051165093, 16.394495451938489 ], [ 77.365695183684124, 16.39424319367826 ], [ 77.365251617161832, 16.394033402337445 ], [ 77.364789623386272, 16.393868098321338 ], [ 77.364313651610075, 16.393748873597985 ], [ 77.363828285701643, 16.393676876366641 ], [ 77.3633382, 16.3936528 ] ] ], [ [ [ 77.32025048368412, 16.405312293678261 ], [ 77.319806917161827, 16.405102502337446 ], [ 77.319344923386268, 16.404937198321338 ], [ 77.318868951610071, 16.404817973597986 ], [ 77.318383585701639, 16.404745976366641 ], [ 77.3178935, 16.4047219 ], [ 77.317403414298354, 16.404745976366641 ], [ 77.316918048389923, 16.404817973597986 ], [ 77.316442076613725, 16.404937198321338 ], [ 77.315980082838166, 16.405102502337446 ], [ 77.315536516315873, 16.405312293678261 ], [ 77.315115648834905, 16.40556455193849 ], [ 77.314721533579174, 16.405856847733187 ], [ 77.314357966094065, 16.406186366094069 ], [ 77.314028447733179, 16.406549933579182 ], [ 77.313736151938485, 16.406944048834902 ], [ 77.313483893678253, 16.407364916315871 ], [ 77.313274102337445, 16.407808482838174 ], [ 77.313108798321338, 16.40827047661373 ], [ 77.312989573597974, 16.40874644838992 ], [ 77.31291757636663, 16.409231814298352 ], [ 77.3128935, 16.4097219 ], [ 77.31291757636663, 16.41021198570165 ], [ 77.312989573597974, 16.410697351610082 ], [ 77.313108798321338, 16.411173323386272 ], [ 77.313274102337445, 16.411635317161828 ], [ 77.313483893678253, 16.412078883684131 ], [ 77.313736151938485, 16.4124997511651 ], [ 77.314028447733179, 16.41289386642082 ], [ 77.314357966094065, 16.413257433905933 ], [ 77.314721533579174, 16.413586952266815 ], [ 77.315115648834905, 16.413879248061512 ], [ 77.315536516315873, 16.414131506321741 ], [ 77.315980082838166, 16.414341297662556 ], [ 77.316442076613725, 16.414506601678664 ], [ 77.316918048389923, 16.414625826402016 ], [ 77.317403414298354, 16.414697823633361 ], [ 77.3178935, 16.4147219 ], [ 77.318383585701639, 16.414697823633361 ], [ 77.318868951610071, 16.414625826402016 ], [ 77.319344923386268, 16.414506601678664 ], [ 77.319806917161827, 16.414341297662556 ], [ 77.32025048368412, 16.414131506321741 ], [ 77.320671351165089, 16.413879248061512 ], [ 77.321065466420819, 16.413586952266815 ], [ 77.321429033905929, 16.413257433905933 ], [ 77.321758552266814, 16.41289386642082 ], [ 77.322050848061508, 16.4124997511651 ], [ 77.322303106321741, 16.412078883684131 ], [ 77.322512897662548, 16.411635317161828 ], [ 77.322678201678656, 16.411173323386272 ], [ 77.322797426402019, 16.410697351610082 ], [ 77.322869423633364, 16.41021198570165 ], [ 77.3228935, 16.4097219 ], [ 77.322869423633364, 16.409231814298352 ], [ 77.322797426402019, 16.40874644838992 ], [ 77.322678201678656, 16.40827047661373 ], [ 77.322512897662548, 16.407808482838174 ], [ 77.322303106321741, 16.407364916315871 ], [ 77.322050848061508, 16.406944048834902 ], [ 77.321758552266814, 16.406549933579182 ], [ 77.321429033905929, 16.406186366094069 ], [ 77.321065466420819, 16.405856847733187 ], [ 77.320671351165089, 16.40556455193849 ], [ 77.32025048368412, 16.405312293678261 ] ] ], [ [ [ 77.330693323386271, 16.404420598321337 ], [ 77.330217351610074, 16.404301373597985 ], [ 77.329731985701642, 16.40422937636664 ], [ 77.3292419, 16.4042053 ], [ 77.328751814298357, 16.40422937636664 ], [ 77.328266448389925, 16.404301373597985 ], [ 77.327790476613728, 16.404420598321337 ], [ 77.327328482838169, 16.404585902337445 ], [ 77.326884916315876, 16.40479569367826 ], [ 77.326464048834907, 16.405047951938489 ], [ 77.326069933579177, 16.405340247733186 ], [ 77.325706366094067, 16.405669766094068 ], [ 77.325376847733182, 16.406033333579181 ], [ 77.325084551938488, 16.406427448834901 ], [ 77.324832293678256, 16.40684831631587 ], [ 77.324622502337448, 16.407291882838173 ], [ 77.32445719832134, 16.407753876613729 ], [ 77.324337973597977, 16.408229848389919 ], [ 77.324265976366632, 16.408715214298351 ], [ 77.3242419, 16.4092053 ], [ 77.324265976366632, 16.409695385701649 ], [ 77.324337973597977, 16.410180751610081 ], [ 77.32445719832134, 16.410656723386271 ], [ 77.324622502337448, 16.411118717161827 ], [ 77.324796620278249, 16.411486858616922 ], [ 77.324807373597977, 16.41155935161008 ], [ 77.324926598321341, 16.41203532338627 ], [ 77.325091902337448, 16.412497317161826 ], [ 77.325301693678256, 16.412940883684129 ], [ 77.325553951938488, 16.413361751165098 ], [ 77.325846247733182, 16.413755866420818 ], [ 77.326175766094067, 16.414119433905931 ], [ 77.326539333579177, 16.414448952266813 ], [ 77.326933448834907, 16.41474124806151 ], [ 77.327354316315876, 16.414993506321739 ], [ 77.327797882838169, 16.415203297662554 ], [ 77.328259876613728, 16.415368601678662 ], [ 77.328735848389925, 16.415487826402014 ], [ 77.329221214298357, 16.415559823633359 ], [ 77.3297113, 16.4155839 ], [ 77.330201385701642, 16.415559823633359 ], [ 77.330686751610074, 16.415487826402014 ], [ 77.331162723386271, 16.415368601678662 ], [ 77.33162471716183, 16.415203297662554 ], [ 77.332068283684123, 16.414993506321739 ], [ 77.332489151165092, 16.41474124806151 ], [ 77.3324891529289, 16.414741246753387 ], [ 77.332617951165091, 16.41466404806151 ], [ 77.333012066420821, 16.414371752266813 ], [ 77.333375633905931, 16.414042233905931 ], [ 77.333705152266816, 16.413678666420818 ], [ 77.33399744806151, 16.413284551165098 ], [ 77.334249706321742, 16.41286368368413 ], [ 77.33445949766255, 16.412420117161826 ], [ 77.334624801678657, 16.41195812338627 ], [ 77.334744026402021, 16.41148215161008 ], [ 77.334816023633365, 16.410996785701649 ], [ 77.3348401, 16.4105067 ], [ 77.334816023633365, 16.41001661429835 ], [ 77.334744026402021, 16.409531248389918 ], [ 77.334624801678657, 16.409055276613728 ], [ 77.33445949766255, 16.408593282838172 ], [ 77.334249706321742, 16.408149716315869 ], [ 77.334036762554433, 16.407794441103661 ], [ 77.334026601678659, 16.407753876613729 ], [ 77.333861297662551, 16.407291882838173 ], [ 77.333651506321743, 16.40684831631587 ], [ 77.333399248061511, 16.406427448834901 ], [ 77.333106952266817, 16.406033333579181 ], [ 77.332777433905932, 16.405669766094068 ], [ 77.332413866420822, 16.405340247733186 ], [ 77.332019751165092, 16.405047951938489 ], [ 77.331598883684123, 16.40479569367826 ], [ 77.33115531716183, 16.404585902337445 ], [ 77.330693323386271, 16.404420598321337 ] ] ], [ [ [ 77.343935898321334, 16.41385097661373 ], [ 77.343816673597971, 16.41432694838992 ], [ 77.343744676366626, 16.414812314298352 ], [ 77.3437206, 16.4153024 ], [ 77.343744676366626, 16.415792485701651 ], [ 77.343816673597971, 16.416277851610083 ], [ 77.343935898321334, 16.416753823386273 ], [ 77.344101202337441, 16.417215817161829 ], [ 77.344310993678249, 16.417659383684132 ], [ 77.344563251938482, 16.418080251165101 ], [ 77.344855547733175, 16.418474366420821 ], [ 77.345185066094061, 16.418837933905934 ], [ 77.34554863357917, 16.419167452266816 ], [ 77.345942748834901, 16.419459748061513 ], [ 77.34636361631587, 16.419712006321742 ], [ 77.346807182838162, 16.419921797662557 ], [ 77.347269176613722, 16.420087101678664 ], [ 77.347745148389919, 16.420206326402017 ], [ 77.348230514298351, 16.420278323633362 ], [ 77.3487206, 16.4203024 ], [ 77.349210685701635, 16.420278323633362 ], [ 77.349696051610067, 16.420206326402017 ], [ 77.350172023386264, 16.420087101678664 ], [ 77.350634017161823, 16.419921797662557 ], [ 77.351077583684116, 16.419712006321742 ], [ 77.351498451165085, 16.419459748061513 ], [ 77.351892566420815, 16.419167452266816 ], [ 77.352256133905925, 16.418837933905934 ], [ 77.352585652266811, 16.418474366420821 ], [ 77.352877948061504, 16.418080251165101 ], [ 77.353130206321737, 16.417659383684132 ], [ 77.353304130108654, 16.417291652732946 ], [ 77.35338610632175, 16.41715488368413 ], [ 77.353495510966326, 16.416923566998076 ], [ 77.35356730632175, 16.416803783684131 ], [ 77.353777097662558, 16.416360217161827 ], [ 77.353942401678665, 16.415898223386272 ], [ 77.354061626402029, 16.415422251610082 ], [ 77.354133623633373, 16.41493688570165 ], [ 77.3541577, 16.4144468 ], [ 77.354133623633373, 16.413956714298351 ], [ 77.354061626402029, 16.413471348389919 ], [ 77.353942401678665, 16.412995376613729 ], [ 77.353777097662558, 16.412533382838173 ], [ 77.35356730632175, 16.41208981631587 ], [ 77.353315048061518, 16.411668948834901 ], [ 77.353022752266824, 16.411274833579181 ], [ 77.352693233905939, 16.410911266094068 ], [ 77.352329666420829, 16.410581747733186 ], [ 77.351935551165099, 16.410289451938489 ], [ 77.35151468368413, 16.41003719367826 ], [ 77.351071117161837, 16.409827402337445 ], [ 77.350609123386278, 16.409662098321338 ], [ 77.350133151610081, 16.409542873597985 ], [ 77.349647785701649, 16.40947087636664 ], [ 77.3491577, 16.4094468 ], [ 77.348667614298364, 16.40947087636664 ], [ 77.348182248389932, 16.409542873597985 ], [ 77.347706276613735, 16.409662098321338 ], [ 77.347244282838176, 16.409827402337445 ], [ 77.346800716315883, 16.41003719367826 ], [ 77.346379848834914, 16.410289451938489 ], [ 77.345985733579184, 16.410581747733186 ], [ 77.345622166094074, 16.410911266094068 ], [ 77.345292647733189, 16.411274833579181 ], [ 77.345138036711759, 16.411483302408882 ], [ 77.345037947733189, 16.411593733579181 ], [ 77.344745651938496, 16.411987848834901 ], [ 77.344493393678263, 16.41240871631587 ], [ 77.344283602337455, 16.412852282838173 ], [ 77.344118298321348, 16.413314276613729 ], [ 77.344116589255023, 16.413321099588945 ], [ 77.344113198321338, 16.413330576613728 ], [ 77.344092420413659, 16.413413526670912 ], [ 77.343935898321334, 16.41385097661373 ] ] ], [ [ [ 77.351856217161824, 16.440731802337446 ], [ 77.351394223386265, 16.440566498321338 ], [ 77.350918251610068, 16.440447273597986 ], [ 77.350432885701636, 16.440375276366641 ], [ 77.3499428, 16.4403512 ], [ 77.349452714298351, 16.440375276366641 ], [ 77.34896734838992, 16.440447273597986 ], [ 77.348491376613723, 16.440566498321338 ], [ 77.348029382838163, 16.440731802337446 ], [ 77.34758581631587, 16.440941593678261 ], [ 77.347164948834902, 16.44119385193849 ], [ 77.346770833579171, 16.441486147733187 ], [ 77.346407266094062, 16.441815666094069 ], [ 77.346077747733176, 16.442179233579182 ], [ 77.345785451938482, 16.442573348834902 ], [ 77.34553319367825, 16.442994216315871 ], [ 77.345323402337442, 16.443437782838174 ], [ 77.345158098321335, 16.44389977661373 ], [ 77.345038873597971, 16.44437574838992 ], [ 77.344966876366627, 16.444861114298352 ], [ 77.3449428, 16.4453512 ], [ 77.344966876366627, 16.44584128570165 ], [ 77.345038873597971, 16.446326651610082 ], [ 77.345158098321335, 16.446802623386272 ], [ 77.345323402337442, 16.447264617161828 ], [ 77.34553319367825, 16.447708183684131 ], [ 77.345785451938482, 16.4481290511651 ], [ 77.346077747733176, 16.44852316642082 ], [ 77.346407266094062, 16.448886733905933 ], [ 77.346770833579171, 16.449216252266815 ], [ 77.347164948834902, 16.449508548061512 ], [ 77.34758581631587, 16.449760806321741 ], [ 77.348029382838163, 16.449970597662556 ], [ 77.348491376613723, 16.450135901678664 ], [ 77.34896734838992, 16.450255126402016 ], [ 77.349452714298351, 16.450327123633361 ], [ 77.3499428, 16.4503512 ], [ 77.350432885701636, 16.450327123633361 ], [ 77.350918251610068, 16.450255126402016 ], [ 77.351394223386265, 16.450135901678664 ], [ 77.351856217161824, 16.449970597662556 ], [ 77.352299783684117, 16.449760806321741 ], [ 77.352720651165086, 16.449508548061512 ], [ 77.353114766420816, 16.449216252266815 ], [ 77.353478333905926, 16.448886733905933 ], [ 77.353807852266812, 16.44852316642082 ], [ 77.354100148061505, 16.4481290511651 ], [ 77.354352406321738, 16.447708183684131 ], [ 77.354562197662545, 16.447264617161828 ], [ 77.354727501678653, 16.446802623386272 ], [ 77.354846726402016, 16.446326651610082 ], [ 77.354918723633361, 16.44584128570165 ], [ 77.354942799999989, 16.4453512 ], [ 77.354918723633361, 16.444861114298352 ], [ 77.354846726402016, 16.44437574838992 ], [ 77.354727501678653, 16.44389977661373 ], [ 77.354562197662545, 16.443437782838174 ], [ 77.354352406321738, 16.442994216315871 ], [ 77.354100148061505, 16.442573348834902 ], [ 77.353807852266812, 16.442179233579182 ], [ 77.353478333905926, 16.441815666094069 ], [ 77.353114766420816, 16.441486147733187 ], [ 77.352720651165086, 16.44119385193849 ], [ 77.352299783684117, 16.440941593678261 ], [ 77.351856217161824, 16.440731802337446 ] ] ], [ [ [ 77.4864141, 16.5148568 ], [ 77.485924014298362, 16.514880876366639 ], [ 77.48543864838993, 16.514952873597984 ], [ 77.484962676613733, 16.515072098321337 ], [ 77.484500682838174, 16.515237402337444 ], [ 77.484057116315881, 16.515447193678259 ], [ 77.4838180386499, 16.515590491316608 ], [ 77.483806616315874, 16.51559589367826 ], [ 77.483385748834905, 16.515848151938489 ], [ 77.48333031657566, 16.515889263303833 ], [ 77.482957948834908, 16.51611245193849 ], [ 77.482926764097868, 16.516135580115755 ], [ 77.482785334071778, 16.516220350011121 ], [ 77.482636816315875, 16.51629059367826 ], [ 77.482294259099632, 16.516495914572143 ], [ 77.482222416315878, 16.516529893678261 ], [ 77.481928881696732, 16.516705831558209 ], [ 77.481735282838173, 16.516775102337444 ], [ 77.48129171631588, 16.516984893678259 ], [ 77.480870848834911, 16.517237151938488 ], [ 77.480476733579181, 16.517529447733185 ], [ 77.480113166094071, 16.517858966094067 ], [ 77.479783647733186, 16.518222533579181 ], [ 77.479723614252464, 16.51830347935751 ], [ 77.479474047733177, 16.518578833579181 ], [ 77.479181751938484, 16.5189729488349 ], [ 77.478929493678251, 16.519393816315869 ], [ 77.478719702337443, 16.519837382838173 ], [ 77.478554398321336, 16.520299376613728 ], [ 77.478435173597973, 16.520775348389918 ], [ 77.478363176366628, 16.52126071429835 ], [ 77.4783391, 16.5217508 ], [ 77.478363176366628, 16.522240885701649 ], [ 77.478378028797408, 16.522341012656874 ], [ 77.4783659, 16.5225879 ], [ 77.478389976366628, 16.523077985701651 ], [ 77.478424253283308, 16.523309061904069 ], [ 77.4784007, 16.5237885 ], [ 77.478416978920166, 16.524119865032318 ], [ 77.4784126, 16.524209 ], [ 77.478432092541283, 16.524605779793163 ], [ 77.478144483684119, 16.524433393678258 ], [ 77.477700917161826, 16.524223602337443 ], [ 77.477238923386267, 16.524058298321336 ], [ 77.47676295161007, 16.523939073597983 ], [ 77.476277585701638, 16.523867076366638 ], [ 77.4757875, 16.523843 ], [ 77.475297414298353, 16.523867076366638 ], [ 77.474812048389921, 16.523939073597983 ], [ 77.474336076613724, 16.524058298321336 ], [ 77.473874082838165, 16.524223602337443 ], [ 77.473430516315872, 16.524433393678258 ], [ 77.473009648834903, 16.524685651938487 ], [ 77.472615533579173, 16.524977947733184 ], [ 77.472251966094063, 16.525307466094066 ], [ 77.471922447733178, 16.525671033579179 ], [ 77.471630151938484, 16.526065148834899 ], [ 77.471377893678252, 16.526486016315868 ], [ 77.471168102337444, 16.526929582838171 ], [ 77.471002798321337, 16.527391576613727 ], [ 77.470883573597973, 16.527867548389917 ], [ 77.470811576366629, 16.528352914298349 ], [ 77.4707875, 16.528843 ], [ 77.470811576366629, 16.529333085701648 ], [ 77.470883573597973, 16.52981845161008 ], [ 77.471002798321337, 16.53029442338627 ], [ 77.471168102337444, 16.530756417161825 ], [ 77.471377893678252, 16.531199983684129 ], [ 77.471630151938484, 16.531620851165098 ], [ 77.471922447733178, 16.532014966420817 ], [ 77.472251966094063, 16.532378533905931 ], [ 77.472615533579173, 16.532708052266813 ], [ 77.473009648834903, 16.53300034806151 ], [ 77.473430516315872, 16.533252606321739 ], [ 77.473874082838165, 16.533462397662554 ], [ 77.474336076613724, 16.533627701678661 ], [ 77.474812048389921, 16.533746926402014 ], [ 77.475297414298353, 16.533818923633358 ], [ 77.4757875, 16.533843 ], [ 77.476277585701638, 16.533818923633358 ], [ 77.47676295161007, 16.533746926402014 ], [ 77.477238923386267, 16.533627701678661 ], [ 77.477700917161826, 16.533462397662554 ], [ 77.478144483684119, 16.533252606321739 ], [ 77.478565351165088, 16.53300034806151 ], [ 77.478959466420818, 16.532708052266813 ], [ 77.479323033905928, 16.532378533905931 ], [ 77.479652552266813, 16.532014966420817 ], [ 77.479944848061507, 16.531620851165098 ], [ 77.480197106321739, 16.531199983684129 ], [ 77.480406897662547, 16.530756417161825 ], [ 77.480572201678655, 16.53029442338627 ], [ 77.480691426402018, 16.52981845161008 ], [ 77.480763423633363, 16.529333085701648 ], [ 77.4807875, 16.528843 ], [ 77.480780516504737, 16.528700847688437 ], [ 77.481055848834913, 16.52890504806151 ], [ 77.481476716315882, 16.529157306321739 ], [ 77.481479218336091, 16.52915848968917 ], [ 77.481521766094062, 16.529205433905933 ], [ 77.481885333579172, 16.529534952266815 ], [ 77.482279448834902, 16.529827248061512 ], [ 77.482700316315871, 16.530079506321741 ], [ 77.483143882838164, 16.530289297662556 ], [ 77.483605876613723, 16.530454601678663 ], [ 77.483946971809118, 16.530540041577293 ], [ 77.484024276613724, 16.530567701678663 ], [ 77.484500248389921, 16.530686926402016 ], [ 77.484985614298353, 16.530758923633361 ], [ 77.4854757, 16.530783 ], [ 77.485965785701637, 16.530758923633361 ], [ 77.486451151610069, 16.530686926402016 ], [ 77.486719358413822, 16.530619744095041 ], [ 77.486858351610067, 16.530599126402016 ], [ 77.487334323386264, 16.530479901678664 ], [ 77.487796317161823, 16.530314597662557 ], [ 77.488239883684116, 16.530104806321742 ], [ 77.488660751165085, 16.529852548061513 ], [ 77.488959788461344, 16.529630766887397 ], [ 77.489190685701644, 16.52961942363336 ], [ 77.489676051610076, 16.529547426402015 ], [ 77.490152023386273, 16.529428201678662 ], [ 77.490614017161832, 16.529262897662555 ], [ 77.491057583684125, 16.52905310632174 ], [ 77.491478451165094, 16.528800848061511 ], [ 77.491872566420824, 16.528508552266814 ], [ 77.492236133905934, 16.528179033905932 ], [ 77.492565652266819, 16.527815466420819 ], [ 77.492857948061513, 16.527421351165099 ], [ 77.493110206321745, 16.52700048368413 ], [ 77.493319997662553, 16.526556917161827 ], [ 77.49348530167866, 16.526094923386271 ], [ 77.493604526402024, 16.525618951610081 ], [ 77.493676523633368, 16.525133585701649 ], [ 77.4937006, 16.5246435 ], [ 77.493676523633368, 16.52415341429835 ], [ 77.493604526402024, 16.523668048389919 ], [ 77.49348530167866, 16.523192076613729 ], [ 77.493319997662553, 16.522730082838173 ], [ 77.493121727914726, 16.522310876677494 ], [ 77.493056801678662, 16.522051676613728 ], [ 77.492891497662555, 16.521589682838172 ], [ 77.492681706321747, 16.521146116315869 ], [ 77.492429448061515, 16.5207252488349 ], [ 77.492137152266821, 16.52033113357918 ], [ 77.491807633905935, 16.519967566094067 ], [ 77.491444066420826, 16.519638047733185 ], [ 77.49140181392238, 16.519606711144633 ], [ 77.491390023633372, 16.51936671429835 ], [ 77.491318026402027, 16.518881348389918 ], [ 77.491198801678664, 16.518405376613728 ], [ 77.491033497662556, 16.517943382838173 ], [ 77.490823706321748, 16.517499816315869 ], [ 77.490571448061516, 16.5170789488349 ], [ 77.490279152266822, 16.51668483357918 ], [ 77.489949633905937, 16.516321266094067 ], [ 77.489586066420827, 16.515991747733185 ], [ 77.489191951165097, 16.515699451938488 ], [ 77.488771083684128, 16.515447193678259 ], [ 77.488327517161835, 16.515237402337444 ], [ 77.487865523386276, 16.515072098321337 ], [ 77.487389551610079, 16.514952873597984 ], [ 77.486904185701647, 16.514880876366639 ], [ 77.4864141, 16.5148568 ] ] ], [ [ [ 77.506416383684126, 16.65354349367826 ], [ 77.505972817161833, 16.653333702337445 ], [ 77.505510823386274, 16.653168398321338 ], [ 77.505034851610077, 16.653049173597985 ], [ 77.504549485701645, 16.65297717636664 ], [ 77.5040594, 16.6529531 ], [ 77.50356931429836, 16.65297717636664 ], [ 77.503083948389929, 16.653049173597985 ], [ 77.502607976613731, 16.653168398321338 ], [ 77.502145982838172, 16.653333702337445 ], [ 77.501702416315879, 16.65354349367826 ], [ 77.50128154883491, 16.653795751938489 ], [ 77.50088743357918, 16.654088047733186 ], [ 77.500523866094071, 16.654417566094068 ], [ 77.500194347733185, 16.654781133579181 ], [ 77.499902051938491, 16.655175248834901 ], [ 77.499649793678259, 16.65559611631587 ], [ 77.499440002337451, 16.656039682838173 ], [ 77.499274698321344, 16.656501676613729 ], [ 77.49915547359798, 16.656977648389919 ], [ 77.499083476366636, 16.657463014298351 ], [ 77.499070326128816, 16.657730693538699 ], [ 77.498879333905933, 16.657519966094068 ], [ 77.498515766420823, 16.657190447733186 ], [ 77.498121651165093, 16.656898151938488 ], [ 77.497700783684124, 16.65664589367826 ], [ 77.497257217161831, 16.656436102337445 ], [ 77.496795223386272, 16.656270798321337 ], [ 77.496319251610075, 16.656151573597985 ], [ 77.495833885701643, 16.65607957636664 ], [ 77.4953438, 16.6560555 ], [ 77.494853714298358, 16.65607957636664 ], [ 77.494368348389926, 16.656151573597985 ], [ 77.493892376613729, 16.656270798321337 ], [ 77.49343038283817, 16.656436102337445 ], [ 77.492986816315877, 16.65664589367826 ], [ 77.492565948834908, 16.656898151938488 ], [ 77.492171833579178, 16.657190447733186 ], [ 77.491808266094068, 16.657519966094068 ], [ 77.491478747733183, 16.657883533579181 ], [ 77.491186451938489, 16.6582776488349 ], [ 77.490934193678257, 16.658698516315869 ], [ 77.490724402337449, 16.659142082838173 ], [ 77.490559098321341, 16.659604076613729 ], [ 77.490439873597978, 16.660080048389919 ], [ 77.490367876366633, 16.66056541429835 ], [ 77.4903438, 16.6610555 ], [ 77.490367876366633, 16.661545585701649 ], [ 77.490439873597978, 16.662030951610081 ], [ 77.490559098321341, 16.662506923386271 ], [ 77.490724402337449, 16.662968917161827 ], [ 77.490934193678257, 16.66341248368413 ], [ 77.491186451938489, 16.663833351165099 ], [ 77.491478747733183, 16.664227466420819 ], [ 77.491808266094068, 16.664591033905932 ], [ 77.492171833579178, 16.664920552266814 ], [ 77.492565948834908, 16.665212848061511 ], [ 77.492986816315877, 16.66546510632174 ], [ 77.49343038283817, 16.665674897662555 ], [ 77.493892376613729, 16.665840201678662 ], [ 77.494368348389926, 16.665959426402015 ], [ 77.494853714298358, 16.66603142363336 ], [ 77.4953438, 16.6660555 ], [ 77.495833885701643, 16.66603142363336 ], [ 77.496319251610075, 16.665959426402015 ], [ 77.496795223386272, 16.665840201678662 ], [ 77.497257217161831, 16.665674897662555 ], [ 77.497700783684124, 16.66546510632174 ], [ 77.498121651165093, 16.665212848061511 ], [ 77.498515766420823, 16.664920552266814 ], [ 77.498879333905933, 16.664591033905932 ], [ 77.499208852266818, 16.664227466420819 ], [ 77.499501148061512, 16.663833351165099 ], [ 77.499753406321744, 16.66341248368413 ], [ 77.499963197662552, 16.662968917161827 ], [ 77.50012850167866, 16.662506923386271 ], [ 77.500247726402023, 16.662030951610081 ], [ 77.500319723633368, 16.661545585701649 ], [ 77.500332873871187, 16.661277906461297 ], [ 77.500523866094071, 16.661488633905932 ], [ 77.50088743357918, 16.661818152266815 ], [ 77.50128154883491, 16.662110448061512 ], [ 77.501702416315879, 16.662362706321741 ], [ 77.502145982838172, 16.662572497662556 ], [ 77.502607976613731, 16.662737801678663 ], [ 77.503083948389929, 16.662857026402015 ], [ 77.50356931429836, 16.66292902363336 ], [ 77.5040594, 16.6629531 ], [ 77.504549485701645, 16.66292902363336 ], [ 77.505034851610077, 16.662857026402015 ], [ 77.505510823386274, 16.662737801678663 ], [ 77.505972817161833, 16.662572497662556 ], [ 77.506416383684126, 16.662362706321741 ], [ 77.506837251165095, 16.662110448061512 ], [ 77.507231366420825, 16.661818152266815 ], [ 77.507594933905935, 16.661488633905932 ], [ 77.50792445226682, 16.661125066420819 ], [ 77.508216748061514, 16.6607309511651 ], [ 77.508469006321747, 16.660310083684131 ], [ 77.508678797662554, 16.659866517161827 ], [ 77.508844101678662, 16.659404523386272 ], [ 77.508963326402025, 16.658928551610082 ], [ 77.50903532363337, 16.65844318570165 ], [ 77.5090594, 16.6579531 ], [ 77.50903532363337, 16.657463014298351 ], [ 77.508963326402025, 16.656977648389919 ], [ 77.508844101678662, 16.656501676613729 ], [ 77.508678797662554, 16.656039682838173 ], [ 77.508469006321747, 16.65559611631587 ], [ 77.508216748061514, 16.655175248834901 ], [ 77.50792445226682, 16.654781133579181 ], [ 77.507594933905935, 16.654417566094068 ], [ 77.507231366420825, 16.654088047733186 ], [ 77.506837251165095, 16.653795751938489 ], [ 77.506416383684126, 16.65354349367826 ] ] ], [ [ [ 77.487886166094071, 16.728393366094068 ], [ 77.487556647733186, 16.728756933579181 ], [ 77.487264351938492, 16.7291510488349 ], [ 77.48701209367826, 16.729571916315869 ], [ 77.486802302337452, 16.730015482838173 ], [ 77.486636998321345, 16.730477476613729 ], [ 77.486517773597981, 16.730953448389918 ], [ 77.486445776366637, 16.73143881429835 ], [ 77.4864217, 16.7319289 ], [ 77.486445776366637, 16.732418985701649 ], [ 77.486517773597981, 16.732904351610081 ], [ 77.486636998321345, 16.733380323386271 ], [ 77.486802302337452, 16.733842317161827 ], [ 77.48701209367826, 16.73428588368413 ], [ 77.487264351938492, 16.734706751165099 ], [ 77.487556647733186, 16.735100866420819 ], [ 77.487886166094071, 16.735464433905932 ], [ 77.488249733579181, 16.735793952266814 ], [ 77.488643848834911, 16.736086248061511 ], [ 77.48906471631588, 16.73633850632174 ], [ 77.489508282838173, 16.736548297662555 ], [ 77.489970276613732, 16.736713601678662 ], [ 77.490446248389929, 16.736832826402015 ], [ 77.490931614298361, 16.73690482363336 ], [ 77.4914217, 16.7369289 ], [ 77.491911785701646, 16.73690482363336 ], [ 77.492397151610078, 16.736832826402015 ], [ 77.492873123386275, 16.736713601678662 ], [ 77.492991320194278, 16.736671310184519 ], [ 77.493010148389928, 16.736676026402016 ], [ 77.493289240934232, 16.736717425870189 ], [ 77.493298721620846, 16.736781339467839 ], [ 77.492939714298359, 16.736798976366639 ], [ 77.492802363614004, 16.736819350416042 ], [ 77.492537214298352, 16.736832376366639 ], [ 77.49205184838992, 16.736904373597984 ], [ 77.491575876613723, 16.737023598321336 ], [ 77.491113882838164, 16.737188902337444 ], [ 77.490670316315871, 16.737398693678259 ], [ 77.490570887682892, 16.737458288907412 ], [ 77.490403951610077, 16.737416473597985 ], [ 77.489918585701645, 16.737344476366641 ], [ 77.4894285, 16.7373204 ], [ 77.48893841429836, 16.737344476366641 ], [ 77.488453048389928, 16.737416473597985 ], [ 77.488353311646705, 16.737441456351615 ], [ 77.488153648389925, 16.737471073597984 ], [ 77.487677676613728, 16.737590298321336 ], [ 77.487215682838169, 16.737755602337444 ], [ 77.486953813583781, 16.737879457270662 ], [ 77.486945851165089, 16.737873551938488 ], [ 77.48652498368412, 16.737621293678259 ], [ 77.486081417161827, 16.737411502337444 ], [ 77.485619423386268, 16.737246198321337 ], [ 77.485143451610071, 16.737126973597984 ], [ 77.484658085701639, 16.73705497636664 ], [ 77.484168, 16.7370309 ], [ 77.483677914298354, 16.73705497636664 ], [ 77.483192548389923, 16.737126973597984 ], [ 77.482716576613726, 16.737246198321337 ], [ 77.482254582838166, 16.737411502337444 ], [ 77.481811016315874, 16.737621293678259 ], [ 77.481390148834905, 16.737873551938488 ], [ 77.480996033579174, 16.738165847733185 ], [ 77.480632466094065, 16.738495366094067 ], [ 77.480302947733179, 16.738858933579181 ], [ 77.480010651938485, 16.7392530488349 ], [ 77.479758393678253, 16.739673916315869 ], [ 77.479548602337445, 16.740117482838173 ], [ 77.479383298321338, 16.740579476613728 ], [ 77.479264073597975, 16.741055448389918 ], [ 77.47919207636663, 16.74154081429835 ], [ 77.479168, 16.7420309 ], [ 77.47919207636663, 16.742520985701649 ], [ 77.479264073597975, 16.743006351610081 ], [ 77.479383298321338, 16.743482323386271 ], [ 77.479548602337445, 16.743944317161827 ], [ 77.479758393678253, 16.74438788368413 ], [ 77.480010651938485, 16.744808751165099 ], [ 77.480302947733179, 16.745202866420819 ], [ 77.480632466094065, 16.745566433905932 ], [ 77.480996033579174, 16.745895952266814 ], [ 77.481390148834905, 16.746188248061511 ], [ 77.481811016315874, 16.74644050632174 ], [ 77.482079558161431, 16.746567517155544 ], [ 77.482026602337442, 16.746679482838172 ], [ 77.481861298321334, 16.747141476613727 ], [ 77.481742073597971, 16.747617448389917 ], [ 77.481670076366626, 16.748102814298349 ], [ 77.481646, 16.7485929 ], [ 77.481670076366626, 16.749082985701648 ], [ 77.481742073597971, 16.74956835161008 ], [ 77.481861298321334, 16.75004432338627 ], [ 77.481983160412625, 16.750384905115475 ], [ 77.482005276366635, 16.750835085701649 ], [ 77.48207727359798, 16.751320451610081 ], [ 77.482196498321343, 16.751796423386271 ], [ 77.482361802337451, 16.752258417161826 ], [ 77.482571593678259, 16.75270198368413 ], [ 77.482760768138448, 16.753017602203212 ], [ 77.48288699367825, 16.75328448368413 ], [ 77.483139251938482, 16.753705351165099 ], [ 77.483431547733176, 16.754099466420818 ], [ 77.483761066094061, 16.754463033905932 ], [ 77.484124633579171, 16.754792552266814 ], [ 77.484518748834901, 16.755084848061511 ], [ 77.48493961631587, 16.75533710632174 ], [ 77.485383182838163, 16.755546897662555 ], [ 77.485845176613722, 16.755712201678662 ], [ 77.486321148389919, 16.755831426402015 ], [ 77.486806514298351, 16.755903423633359 ], [ 77.4872966, 16.7559275 ], [ 77.487786685701636, 16.755903423633359 ], [ 77.488272051610068, 16.755831426402015 ], [ 77.488748023386265, 16.755712201678662 ], [ 77.489210017161824, 16.755546897662555 ], [ 77.489653583684117, 16.75533710632174 ], [ 77.490074451165086, 16.755084848061511 ], [ 77.490468566420816, 16.754792552266814 ], [ 77.490469510349655, 16.754791696739588 ], [ 77.490672551938488, 16.755130451165098 ], [ 77.490964847733181, 16.755524566420817 ], [ 77.491294366094067, 16.75588813390593 ], [ 77.491657933579177, 16.756217652266812 ], [ 77.492052048834907, 16.75650994806151 ], [ 77.492472916315876, 16.756762206321739 ], [ 77.492916482838169, 16.756971997662554 ], [ 77.493378476613728, 16.757137301678661 ], [ 77.493854448389925, 16.757256526402013 ], [ 77.494278732817065, 16.757319463051509 ], [ 77.494554848389924, 16.757388626402015 ], [ 77.494733136947829, 16.75741507301132 ], [ 77.494948976613728, 16.757492301678663 ], [ 77.495424948389925, 16.757611526402016 ], [ 77.495910314298357, 16.757683523633361 ], [ 77.4964004, 16.7577076 ], [ 77.496890485701641, 16.757683523633361 ], [ 77.496930790049007, 16.757677545048193 ], [ 77.4973838, 16.7576998 ], [ 77.497873885701637, 16.757675723633358 ], [ 77.498359251610069, 16.757603726402014 ], [ 77.498835223386266, 16.757484501678661 ], [ 77.499297217161825, 16.757319197662554 ], [ 77.499740783684118, 16.757109406321739 ], [ 77.500161651165087, 16.75685714806151 ], [ 77.500555766420817, 16.756564852266813 ], [ 77.500919333905927, 16.756235333905931 ], [ 77.501248852266812, 16.755871766420817 ], [ 77.501541148061506, 16.755477651165098 ], [ 77.501793406321738, 16.755056783684129 ], [ 77.502003197662546, 16.754613217161825 ], [ 77.502168501678653, 16.75415122338627 ], [ 77.502227536940296, 16.753915541410702 ], [ 77.502446514298356, 16.75394802363336 ], [ 77.5029366, 16.7539721 ], [ 77.503426685701641, 16.75394802363336 ], [ 77.503912051610072, 16.753876026402015 ], [ 77.504078385821586, 16.753834361850998 ], [ 77.504078776613724, 16.753834501678664 ], [ 77.504554748389921, 16.753953726402017 ], [ 77.505040114298353, 16.754025723633362 ], [ 77.5055302, 16.7540498 ], [ 77.506020285701638, 16.754025723633362 ], [ 77.50650565161007, 16.753953726402017 ], [ 77.506981623386267, 16.753834501678664 ], [ 77.507443617161826, 16.753669197662557 ], [ 77.507887183684119, 16.753459406321742 ], [ 77.508308051165088, 16.753207148061513 ], [ 77.508702166420818, 16.752914852266816 ], [ 77.509065733905928, 16.752585333905934 ], [ 77.509395252266813, 16.752221766420821 ], [ 77.509687548061507, 16.751827651165101 ], [ 77.509939806321739, 16.751406783684132 ], [ 77.510149597662547, 16.750963217161829 ], [ 77.510314901678655, 16.750501223386273 ], [ 77.510434126402018, 16.750025251610083 ], [ 77.510450130361534, 16.749917361678694 ], [ 77.510730183684117, 16.749784906321739 ], [ 77.511151051165086, 16.749532648061511 ], [ 77.511545166420817, 16.749240352266813 ], [ 77.511908733905926, 16.748910833905931 ], [ 77.512232586406554, 16.748553517734276 ], [ 77.512369666420824, 16.748451852266815 ], [ 77.512733233905934, 16.748122333905933 ], [ 77.513062752266819, 16.747758766420819 ], [ 77.513355048061513, 16.7473646511651 ], [ 77.513607306321745, 16.746943783684131 ], [ 77.513817097662553, 16.746500217161827 ], [ 77.51398240167866, 16.746038223386272 ], [ 77.514101626402024, 16.745562251610082 ], [ 77.514173623633368, 16.74507688570165 ], [ 77.514193717100795, 16.744667873775668 ], [ 77.514254333905939, 16.744612933905934 ], [ 77.514583852266824, 16.744249366420821 ], [ 77.514876148061518, 16.743855251165101 ], [ 77.51512840632175, 16.743434383684132 ], [ 77.515338197662558, 16.742990817161829 ], [ 77.515503501678666, 16.742528823386273 ], [ 77.515622726402029, 16.742052851610083 ], [ 77.515694723633374, 16.741567485701651 ], [ 77.5157188, 16.7410774 ], [ 77.515694723633374, 16.740587314298352 ], [ 77.515622726402029, 16.74010194838992 ], [ 77.515503501678666, 16.739625976613731 ], [ 77.515338197662558, 16.739163982838175 ], [ 77.51512840632175, 16.738720416315871 ], [ 77.514876148061518, 16.738299548834902 ], [ 77.514583852266824, 16.737905433579183 ], [ 77.514254333905939, 16.73754186609407 ], [ 77.5141523798832, 16.737449460354185 ], [ 77.514112233905934, 16.737405166094067 ], [ 77.513752271932347, 16.737078915578344 ], [ 77.513611833905927, 16.736923966094068 ], [ 77.513470070232827, 16.736795478990288 ], [ 77.513415133905937, 16.736734866094068 ], [ 77.513127981128179, 16.736474605986864 ], [ 77.51296643390593, 16.736296366094066 ], [ 77.512891133233865, 16.736228117543117 ], [ 77.51274933390593, 16.736071666094066 ], [ 77.512617657110084, 16.735952321202923 ], [ 77.512371533905934, 16.735680766094067 ], [ 77.512263351607658, 16.735582715374285 ], [ 77.511990133905925, 16.735281266094066 ], [ 77.511626566420816, 16.734951747733184 ], [ 77.511232451165085, 16.734659451938487 ], [ 77.510811583684116, 16.734407193678258 ], [ 77.510628964331204, 16.734320821156935 ], [ 77.510577433905937, 16.734263966094069 ], [ 77.510213866420827, 16.733934447733187 ], [ 77.509819751165097, 16.73364215193849 ], [ 77.509398883684128, 16.733389893678261 ], [ 77.508955317161835, 16.733180102337446 ], [ 77.508493323386276, 16.733014798321339 ], [ 77.50803528447932, 16.732900065547891 ], [ 77.507733833905931, 16.732567466094068 ], [ 77.507370266420821, 16.732237947733186 ], [ 77.506976151165091, 16.731945651938489 ], [ 77.506555283684122, 16.73169339367826 ], [ 77.506111717161829, 16.731483602337445 ], [ 77.50564972338627, 16.731318298321337 ], [ 77.505173751610073, 16.731199073597985 ], [ 77.504688385701641, 16.73112707636664 ], [ 77.5041983, 16.731103 ], [ 77.503708214298356, 16.73112707636664 ], [ 77.503222848389925, 16.731199073597985 ], [ 77.502746876613728, 16.731318298321337 ], [ 77.502284882838168, 16.731483602337445 ], [ 77.501841316315875, 16.73169339367826 ], [ 77.501420448834907, 16.731945651938489 ], [ 77.501323310888736, 16.732017694349331 ], [ 77.500999651165088, 16.73177765193849 ], [ 77.500578783684119, 16.731525393678261 ], [ 77.500135217161827, 16.731315602337446 ], [ 77.499673223386267, 16.731150298321339 ], [ 77.49919725161007, 16.731031073597986 ], [ 77.498918159065767, 16.730989674129813 ], [ 77.498889526402024, 16.730796648389919 ], [ 77.498770301678661, 16.730320676613729 ], [ 77.498604997662554, 16.729858682838174 ], [ 77.498395206321746, 16.72941511631587 ], [ 77.498142948061513, 16.728994248834901 ], [ 77.49785065226682, 16.728600133579182 ], [ 77.497521133905934, 16.728236566094068 ], [ 77.497157566420825, 16.727907047733186 ], [ 77.496763451165094, 16.727614751938489 ], [ 77.496342583684125, 16.72736249367826 ], [ 77.495899017161832, 16.727152702337445 ], [ 77.495437023386273, 16.726987398321338 ], [ 77.494961051610076, 16.726868173597985 ], [ 77.494475685701644, 16.726796176366641 ], [ 77.4939856, 16.7267721 ], [ 77.49349551429836, 16.726796176366641 ], [ 77.493010148389928, 16.726868173597985 ], [ 77.492534176613731, 16.726987398321338 ], [ 77.492415979805727, 16.727029689815481 ], [ 77.492397151610078, 16.727024973597985 ], [ 77.491911785701646, 16.72695297636664 ], [ 77.4914217, 16.7269289 ], [ 77.490931614298361, 16.72695297636664 ], [ 77.490446248389929, 16.727024973597985 ], [ 77.489970276613732, 16.727144198321337 ], [ 77.489508282838173, 16.727309502337445 ], [ 77.48906471631588, 16.72751929367826 ], [ 77.488643848834911, 16.727771551938488 ], [ 77.488249733579181, 16.728063847733186 ], [ 77.487886166094071, 16.728393366094068 ] ] ], [ [ [ 77.49176971716183, 16.790656802337445 ], [ 77.491307723386271, 16.790491498321337 ], [ 77.490831751610074, 16.790372273597985 ], [ 77.490346385701642, 16.79030027636664 ], [ 77.4898563, 16.7902762 ], [ 77.489366214298357, 16.79030027636664 ], [ 77.488880848389925, 16.790372273597985 ], [ 77.488404876613728, 16.790491498321337 ], [ 77.487942882838169, 16.790656802337445 ], [ 77.487499316315876, 16.79086659367826 ], [ 77.487078448834907, 16.791118851938489 ], [ 77.486684333579177, 16.791411147733186 ], [ 77.486320766094067, 16.791740666094068 ], [ 77.485991247733182, 16.792104233579181 ], [ 77.485698951938488, 16.792498348834901 ], [ 77.485446693678256, 16.79291921631587 ], [ 77.485236902337448, 16.793362782838173 ], [ 77.485071598321341, 16.793824776613729 ], [ 77.484952373597977, 16.794300748389919 ], [ 77.484880376366633, 16.794786114298351 ], [ 77.4848563, 16.7952762 ], [ 77.484868114944831, 16.795516698726978 ], [ 77.484426576613728, 16.795627298321339 ], [ 77.483964582838169, 16.795792602337446 ], [ 77.483521016315876, 16.796002393678261 ], [ 77.483100148834907, 16.79625465193849 ], [ 77.482706033579177, 16.796546947733187 ], [ 77.482342466094067, 16.796876466094069 ], [ 77.482012947733182, 16.797240033579182 ], [ 77.481720651938488, 16.797634148834902 ], [ 77.481468393678256, 16.798055016315871 ], [ 77.481258602337448, 16.798498582838175 ], [ 77.481093298321341, 16.79896057661373 ], [ 77.480974073597977, 16.79943654838992 ], [ 77.480902076366633, 16.799921914298352 ], [ 77.480878, 16.800412 ], [ 77.480902076366633, 16.800902085701651 ], [ 77.480974073597977, 16.801387451610083 ], [ 77.481093298321341, 16.801863423386273 ], [ 77.481258602337448, 16.802325417161828 ], [ 77.481468393678256, 16.802768983684132 ], [ 77.481720651938488, 16.803189851165101 ], [ 77.482012947733182, 16.80358396642082 ], [ 77.482342466094067, 16.803947533905934 ], [ 77.482706033579177, 16.804277052266816 ], [ 77.483100148834907, 16.804569348061513 ], [ 77.483521016315876, 16.804821606321742 ], [ 77.483964582838169, 16.805031397662557 ], [ 77.484426576613728, 16.805196701678664 ], [ 77.484902548389925, 16.805315926402017 ], [ 77.485387914298357, 16.805387923633361 ], [ 77.485878, 16.805412 ], [ 77.486368085701642, 16.805387923633361 ], [ 77.486853451610074, 16.805315926402017 ], [ 77.487329423386271, 16.805196701678664 ], [ 77.48779141716183, 16.805031397662557 ], [ 77.488234983684123, 16.804821606321742 ], [ 77.488655851165092, 16.804569348061513 ], [ 77.489049966420822, 16.804277052266816 ], [ 77.489413533905932, 16.803947533905934 ], [ 77.489743052266817, 16.80358396642082 ], [ 77.490035348061511, 16.803189851165101 ], [ 77.490287606321743, 16.802768983684132 ], [ 77.490497397662551, 16.802325417161828 ], [ 77.490662701678659, 16.801863423386273 ], [ 77.490781926402022, 16.801387451610083 ], [ 77.490853923633367, 16.800902085701651 ], [ 77.490878, 16.800412 ], [ 77.490866185055168, 16.800171501273024 ], [ 77.491307723386271, 16.800060901678663 ], [ 77.49176971716183, 16.799895597662555 ], [ 77.492213283684123, 16.79968580632174 ], [ 77.492634151165092, 16.799433548061511 ], [ 77.493028266420822, 16.799141252266814 ], [ 77.493391833905932, 16.798811733905932 ], [ 77.493721352266817, 16.798448166420819 ], [ 77.494013648061511, 16.798054051165099 ], [ 77.494265906321743, 16.79763318368413 ], [ 77.494475697662551, 16.797189617161827 ], [ 77.494641001678659, 16.796727623386271 ], [ 77.494760226402022, 16.796251651610081 ], [ 77.494832223633367, 16.795766285701649 ], [ 77.4948563, 16.7952762 ], [ 77.494832223633367, 16.794786114298351 ], [ 77.494760226402022, 16.794300748389919 ], [ 77.494641001678659, 16.793824776613729 ], [ 77.494475697662551, 16.793362782838173 ], [ 77.494265906321743, 16.79291921631587 ], [ 77.494013648061511, 16.792498348834901 ], [ 77.493721352266817, 16.792104233579181 ], [ 77.493391833905932, 16.791740666094068 ], [ 77.493028266420822, 16.791411147733186 ], [ 77.492634151165092, 16.791118851938489 ], [ 77.492213283684123, 16.79086659367826 ], [ 77.49176971716183, 16.790656802337445 ] ] ], [ [ [ 77.499489717161836, 16.837993202337444 ], [ 77.499027723386277, 16.837827898321336 ], [ 77.49855175161008, 16.837708673597984 ], [ 77.498066385701648, 16.837636676366639 ], [ 77.4975763, 16.8376126 ], [ 77.497086214298363, 16.837636676366639 ], [ 77.496600848389932, 16.837708673597984 ], [ 77.496124876613735, 16.837827898321336 ], [ 77.495662882838175, 16.837993202337444 ], [ 77.495219316315882, 16.838202993678259 ], [ 77.494798448834914, 16.838455251938488 ], [ 77.494404333579183, 16.838747547733185 ], [ 77.494040766094074, 16.839077066094067 ], [ 77.493711247733188, 16.83944063357918 ], [ 77.493418951938494, 16.8398347488349 ], [ 77.493166693678262, 16.840255616315869 ], [ 77.492956902337454, 16.840699182838172 ], [ 77.492791598321347, 16.841161176613728 ], [ 77.492672373597983, 16.841637148389918 ], [ 77.492600376366639, 16.84212251429835 ], [ 77.492599271555662, 16.842145003242415 ], [ 77.492591348834907, 16.842149751938489 ], [ 77.492197233579176, 16.842442047733186 ], [ 77.491833666094067, 16.842771566094068 ], [ 77.491504147733181, 16.843135133579182 ], [ 77.491211851938488, 16.843529248834901 ], [ 77.490959593678255, 16.84395011631587 ], [ 77.490749802337447, 16.844393682838174 ], [ 77.49058449832134, 16.844855676613729 ], [ 77.490465273597977, 16.845331648389919 ], [ 77.490393276366632, 16.845817014298351 ], [ 77.4903692, 16.8463071 ], [ 77.490393276366632, 16.84679718570165 ], [ 77.490465273597977, 16.847282551610082 ], [ 77.49058449832134, 16.847758523386272 ], [ 77.490749802337447, 16.848220517161828 ], [ 77.490959593678255, 16.848664083684131 ], [ 77.491211851938488, 16.8490849511651 ], [ 77.491504147733181, 16.84947906642082 ], [ 77.491833666094067, 16.849842633905933 ], [ 77.492197233579176, 16.850172152266815 ], [ 77.492591348834907, 16.850464448061512 ], [ 77.493012216315876, 16.850716706321741 ], [ 77.493455782838168, 16.850926497662556 ], [ 77.493917776613728, 16.851091801678663 ], [ 77.494393748389925, 16.851211026402016 ], [ 77.494879114298357, 16.851283023633361 ], [ 77.4953692, 16.8513071 ], [ 77.495859285701641, 16.851283023633361 ], [ 77.496344651610073, 16.851211026402016 ], [ 77.49682062338627, 16.851091801678663 ], [ 77.497282617161829, 16.850926497662556 ], [ 77.497726183684122, 16.850716706321741 ], [ 77.498147051165091, 16.850464448061512 ], [ 77.498541166420821, 16.850172152266815 ], [ 77.498904733905931, 16.849842633905933 ], [ 77.499234252266817, 16.84947906642082 ], [ 77.49952654806151, 16.8490849511651 ], [ 77.499778806321743, 16.848664083684131 ], [ 77.499988597662551, 16.848220517161828 ], [ 77.500034388879357, 16.848092539284242 ], [ 77.500102773597973, 16.848553551610081 ], [ 77.500221998321337, 16.849029523386271 ], [ 77.500387302337444, 16.849491517161827 ], [ 77.500597093678252, 16.84993508368413 ], [ 77.500849351938484, 16.850355951165099 ], [ 77.501141647733178, 16.850750066420819 ], [ 77.501471166094063, 16.851113633905932 ], [ 77.501834733579173, 16.851443152266814 ], [ 77.502228848834903, 16.851735448061511 ], [ 77.502649716315872, 16.85198770632174 ], [ 77.503093282838165, 16.852197497662555 ], [ 77.503555276613724, 16.852362801678662 ], [ 77.504031248389921, 16.852482026402015 ], [ 77.504516614298353, 16.85255402363336 ], [ 77.5050067, 16.8525781 ], [ 77.505496785701638, 16.85255402363336 ], [ 77.50598215161007, 16.852482026402015 ], [ 77.506458123386267, 16.852362801678662 ], [ 77.506920117161826, 16.852197497662555 ], [ 77.507363683684119, 16.85198770632174 ], [ 77.507784551165088, 16.851735448061511 ], [ 77.508178666420818, 16.851443152266814 ], [ 77.508542233905928, 16.851113633905932 ], [ 77.508871752266813, 16.850750066420819 ], [ 77.509164048061507, 16.850355951165099 ], [ 77.509416306321739, 16.84993508368413 ], [ 77.509626097662547, 16.849491517161827 ], [ 77.509791401678655, 16.849029523386271 ], [ 77.509910626402018, 16.848553551610081 ], [ 77.509982623633363, 16.848068185701649 ], [ 77.5100067, 16.8475781 ], [ 77.509982623633363, 16.84708801429835 ], [ 77.509910626402018, 16.846602648389918 ], [ 77.509791401678655, 16.846126676613729 ], [ 77.509626097662547, 16.845664682838173 ], [ 77.509416306321739, 16.845221116315869 ], [ 77.509164048061507, 16.8448002488349 ], [ 77.508871752266813, 16.844406133579181 ], [ 77.508542233905928, 16.844042566094068 ], [ 77.508178666420818, 16.843713047733186 ], [ 77.507784551165088, 16.843420751938488 ], [ 77.507363683684119, 16.84316849367826 ], [ 77.506920117161826, 16.842958702337445 ], [ 77.506458123386267, 16.842793398321337 ], [ 77.50598215161007, 16.842674173597985 ], [ 77.505496785701638, 16.84260217636664 ], [ 77.5050067, 16.8425781 ], [ 77.504516614298353, 16.84260217636664 ], [ 77.504031248389921, 16.842674173597985 ], [ 77.503555276613724, 16.842793398321337 ], [ 77.503093282838165, 16.842958702337445 ], [ 77.502649716315872, 16.84316849367826 ], [ 77.502531995480481, 16.843239052831606 ], [ 77.502552223633373, 16.843102685701648 ], [ 77.5025763, 16.8426126 ], [ 77.502552223633373, 16.84212251429835 ], [ 77.502480226402028, 16.841637148389918 ], [ 77.502361001678665, 16.841161176613728 ], [ 77.502195697662557, 16.840699182838172 ], [ 77.50198590632175, 16.840255616315869 ], [ 77.501733648061517, 16.8398347488349 ], [ 77.501441352266824, 16.83944063357918 ], [ 77.501111833905938, 16.839077066094067 ], [ 77.500748266420828, 16.838747547733185 ], [ 77.500354151165098, 16.838455251938488 ], [ 77.499933283684129, 16.838202993678259 ], [ 77.499489717161836, 16.837993202337444 ] ] ], [ [ [ 77.513003185701649, 16.484377676366641 ], [ 77.5125131, 16.4843536 ], [ 77.512023014298364, 16.484377676366641 ], [ 77.511537648389933, 16.484449673597986 ], [ 77.511061676613735, 16.484568898321339 ], [ 77.510599682838176, 16.484734202337446 ], [ 77.510156116315883, 16.484943993678261 ], [ 77.509735248834915, 16.48519625193849 ], [ 77.509341133579184, 16.485488547733187 ], [ 77.508977566094075, 16.485818066094069 ], [ 77.508648047733189, 16.486181633579182 ], [ 77.508355751938495, 16.486575748834902 ], [ 77.508103493678263, 16.486996616315871 ], [ 77.507893702337455, 16.487440182838174 ], [ 77.507728398321348, 16.48790217661373 ], [ 77.507609173597984, 16.48837814838992 ], [ 77.50753717636664, 16.488863514298352 ], [ 77.507513100000011, 16.4893536 ], [ 77.50753717636664, 16.489843685701651 ], [ 77.507609173597984, 16.490329051610082 ], [ 77.507728398321348, 16.490805023386272 ], [ 77.507893702337455, 16.491267017161828 ], [ 77.508103493678263, 16.491710583684132 ], [ 77.508355751938495, 16.4921314511651 ], [ 77.508648047733189, 16.49252556642082 ], [ 77.508977566094075, 16.492889133905933 ], [ 77.509341133579184, 16.493218652266815 ], [ 77.509735248834915, 16.493510948061513 ], [ 77.510156116315883, 16.493763206321741 ], [ 77.510599682838176, 16.493972997662556 ], [ 77.511061676613735, 16.494138301678664 ], [ 77.511537648389933, 16.494257526402016 ], [ 77.512023014298364, 16.494329523633361 ], [ 77.5125131, 16.4943536 ], [ 77.513003185701649, 16.494329523633361 ], [ 77.513488551610081, 16.494257526402016 ], [ 77.513964523386278, 16.494138301678664 ], [ 77.514426517161837, 16.493972997662556 ], [ 77.51487008368413, 16.493763206321741 ], [ 77.515290951165099, 16.493510948061513 ], [ 77.515685066420829, 16.493218652266815 ], [ 77.516048633905939, 16.492889133905933 ], [ 77.516378152266824, 16.49252556642082 ], [ 77.516670448061518, 16.4921314511651 ], [ 77.516922706321751, 16.491710583684132 ], [ 77.517132497662558, 16.491267017161828 ], [ 77.517297801678666, 16.490805023386272 ], [ 77.517417026402029, 16.490329051610082 ], [ 77.517489023633374, 16.489843685701651 ], [ 77.5175131, 16.4893536 ], [ 77.517489023633374, 16.488863514298352 ], [ 77.517417026402029, 16.48837814838992 ], [ 77.517297801678666, 16.48790217661373 ], [ 77.517132497662558, 16.487440182838174 ], [ 77.516922706321751, 16.486996616315871 ], [ 77.516670448061518, 16.486575748834902 ], [ 77.516378152266824, 16.486181633579182 ], [ 77.516048633905939, 16.485818066094069 ], [ 77.515685066420829, 16.485488547733187 ], [ 77.515290951165099, 16.48519625193849 ], [ 77.51487008368413, 16.484943993678261 ], [ 77.514426517161837, 16.484734202337446 ], [ 77.513964523386278, 16.484568898321339 ], [ 77.513488551610081, 16.484449673597986 ], [ 77.513003185701649, 16.484377676366641 ] ] ], [ [ [ 77.5025998, 16.4915967 ], [ 77.502109714298356, 16.491620776366641 ], [ 77.501624348389925, 16.491692773597986 ], [ 77.501148376613727, 16.491811998321339 ], [ 77.500686382838168, 16.491977302337446 ], [ 77.500242816315875, 16.492187093678261 ], [ 77.499821948834906, 16.49243935193849 ], [ 77.499427833579176, 16.492731647733187 ], [ 77.499064266094067, 16.493061166094069 ], [ 77.498734747733181, 16.493424733579182 ], [ 77.498442451938487, 16.493818848834902 ], [ 77.498190193678255, 16.494239716315871 ], [ 77.497980402337447, 16.494683282838174 ], [ 77.49781509832134, 16.49514527661373 ], [ 77.497695873597976, 16.49562124838992 ], [ 77.497623876366632, 16.496106614298352 ], [ 77.4975998, 16.4965967 ], [ 77.497623876366632, 16.497086785701651 ], [ 77.497695873597976, 16.497572151610083 ], [ 77.49781509832134, 16.498048123386273 ], [ 77.497980402337447, 16.498510117161828 ], [ 77.498190193678255, 16.498953683684132 ], [ 77.498442451938487, 16.499374551165101 ], [ 77.498734747733181, 16.49976866642082 ], [ 77.499064266094067, 16.500132233905934 ], [ 77.499427833579176, 16.500461752266816 ], [ 77.499821948834906, 16.500754048061513 ], [ 77.500242816315875, 16.501006306321742 ], [ 77.500686382838168, 16.501216097662557 ], [ 77.501087229536793, 16.501359522904696 ], [ 77.500973715966708, 16.501676772080227 ], [ 77.500587848834911, 16.501908051938489 ], [ 77.500193733579181, 16.502200347733186 ], [ 77.499830166094071, 16.502529866094068 ], [ 77.499500647733186, 16.502893433579182 ], [ 77.499208351938492, 16.503287548834901 ], [ 77.49895609367826, 16.50370841631587 ], [ 77.498746302337452, 16.504151982838174 ], [ 77.498580998321344, 16.504613976613729 ], [ 77.498498226618935, 16.504944419772684 ], [ 77.498258651938485, 16.5052674488349 ], [ 77.498056491613823, 16.505604732959952 ], [ 77.497824866094064, 16.505814666094068 ], [ 77.497495347733178, 16.506178233579181 ], [ 77.497203051938484, 16.506572348834901 ], [ 77.496950793678252, 16.50699321631587 ], [ 77.496741002337444, 16.507436782838173 ], [ 77.496575698321337, 16.507898776613729 ], [ 77.496456473597974, 16.508374748389919 ], [ 77.496438621131986, 16.508495099939701 ], [ 77.496309998321337, 16.508854576613729 ], [ 77.496190773597974, 16.509330548389919 ], [ 77.496118776366629, 16.50981591429835 ], [ 77.4960947, 16.510306 ], [ 77.496118776366629, 16.510796085701649 ], [ 77.496190773597974, 16.511281451610081 ], [ 77.496309998321337, 16.511757423386271 ], [ 77.496475302337444, 16.512219417161827 ], [ 77.496685093678252, 16.51266298368413 ], [ 77.496717744161614, 16.51271745772463 ], [ 77.496788598321345, 16.513000323386272 ], [ 77.496953902337452, 16.513462317161828 ], [ 77.49716369367826, 16.513905883684131 ], [ 77.497415951938493, 16.5143267511651 ], [ 77.497708247733186, 16.51472086642082 ], [ 77.498037766094072, 16.515084433905933 ], [ 77.498401333579181, 16.515413952266815 ], [ 77.498795448834912, 16.515706248061512 ], [ 77.499216316315881, 16.515958506321741 ], [ 77.499659882838174, 16.516168297662556 ], [ 77.500121876613733, 16.516333601678664 ], [ 77.500504765902321, 16.51642951045265 ], [ 77.500643347733188, 16.51661636642082 ], [ 77.500972866094074, 16.516979933905933 ], [ 77.501336433579183, 16.517309452266815 ], [ 77.501730548834914, 16.517601748061512 ], [ 77.502151416315883, 16.517854006321741 ], [ 77.502594982838175, 16.518063797662556 ], [ 77.503056976613735, 16.518229101678664 ], [ 77.503070429516654, 16.51823247145542 ], [ 77.5030571, 16.5185038 ], [ 77.503081176366635, 16.518993885701651 ], [ 77.50315317359798, 16.519479251610083 ], [ 77.503272398321343, 16.519955223386273 ], [ 77.50343770233745, 16.520417217161828 ], [ 77.503647493678258, 16.520860783684132 ], [ 77.503899751938491, 16.521281651165101 ], [ 77.504192047733184, 16.52167576642082 ], [ 77.50452156609407, 16.522039333905933 ], [ 77.50488513357918, 16.522368852266816 ], [ 77.50527924883491, 16.522661148061513 ], [ 77.505700116315879, 16.522913406321742 ], [ 77.506143682838172, 16.523123197662557 ], [ 77.506605676613731, 16.523288501678664 ], [ 77.507081648389928, 16.523407726402016 ], [ 77.50756701429836, 16.523479723633361 ], [ 77.5080571, 16.5235038 ], [ 77.508547185701644, 16.523479723633361 ], [ 77.509032551610076, 16.523407726402016 ], [ 77.509508523386273, 16.523288501678664 ], [ 77.509970517161833, 16.523123197662557 ], [ 77.510414083684125, 16.522913406321742 ], [ 77.510720598696579, 16.522729688293445 ], [ 77.510632293678256, 16.522877016315871 ], [ 77.510422502337448, 16.523320582838174 ], [ 77.510257198321341, 16.52378257661373 ], [ 77.510137973597978, 16.52425854838992 ], [ 77.510065976366633, 16.524743914298352 ], [ 77.5100419, 16.525234 ], [ 77.510048301847362, 16.525364312596615 ], [ 77.510038373597979, 16.525403948389918 ], [ 77.509966376366634, 16.52588931429835 ], [ 77.5099423, 16.5263794 ], [ 77.509966376366634, 16.526869485701649 ], [ 77.510038373597979, 16.527354851610081 ], [ 77.510157598321342, 16.527830823386271 ], [ 77.51032290233745, 16.528292817161827 ], [ 77.510532693678257, 16.52873638368413 ], [ 77.51078495193849, 16.529157251165099 ], [ 77.511077247733184, 16.529551366420819 ], [ 77.511406766094069, 16.529914933905932 ], [ 77.511770333579179, 16.530244452266814 ], [ 77.512164448834909, 16.530536748061511 ], [ 77.512585316315878, 16.53078900632174 ], [ 77.513028882838171, 16.530998797662555 ], [ 77.51349087661373, 16.531164101678662 ], [ 77.513966848389927, 16.531283326402015 ], [ 77.514061111713175, 16.531297309045158 ], [ 77.514078098321335, 16.531365123386273 ], [ 77.514243402337442, 16.531827117161829 ], [ 77.51445319367825, 16.532270683684132 ], [ 77.514705451938482, 16.532691551165101 ], [ 77.514997747733176, 16.533085666420821 ], [ 77.515327266094062, 16.533449233905934 ], [ 77.515690833579171, 16.533778752266816 ], [ 77.516084948834902, 16.534071048061513 ], [ 77.51650581631587, 16.534323306321742 ], [ 77.516711265237362, 16.534420476424856 ], [ 77.516564747733185, 16.534582133579182 ], [ 77.516334866246837, 16.534892092882135 ], [ 77.51618988368412, 16.53480519367826 ], [ 77.515746317161828, 16.534595402337445 ], [ 77.515284323386268, 16.534430098321337 ], [ 77.514808351610071, 16.534310873597985 ], [ 77.514322985701639, 16.53423887636664 ], [ 77.5138329, 16.5342148 ], [ 77.513342814298355, 16.53423887636664 ], [ 77.512857448389923, 16.534310873597985 ], [ 77.512381476613726, 16.534430098321337 ], [ 77.511919482838167, 16.534595402337445 ], [ 77.511475916315874, 16.53480519367826 ], [ 77.511055048834905, 16.535057451938489 ], [ 77.510660933579175, 16.535349747733186 ], [ 77.510297366094065, 16.535679266094068 ], [ 77.509967847733179, 16.536042833579181 ], [ 77.509675551938486, 16.536436948834901 ], [ 77.509423293678253, 16.536857816315869 ], [ 77.509213502337445, 16.537301382838173 ], [ 77.509048198321338, 16.537763376613729 ], [ 77.508928973597975, 16.538239348389919 ], [ 77.50885697636663, 16.53872471429835 ], [ 77.5088329, 16.5392148 ], [ 77.50885697636663, 16.539704885701649 ], [ 77.508928973597975, 16.540190251610081 ], [ 77.509048198321338, 16.540666223386271 ], [ 77.509213502337445, 16.541128217161827 ], [ 77.509423293678253, 16.54157178368413 ], [ 77.509675551938486, 16.541992651165099 ], [ 77.509967847733179, 16.542386766420819 ], [ 77.510297366094065, 16.542750333905932 ], [ 77.510660933579175, 16.543079852266814 ], [ 77.511055048834905, 16.543372148061511 ], [ 77.511475916315874, 16.54362440632174 ], [ 77.511727640231314, 16.543743462866992 ], [ 77.511533476613735, 16.543792098321337 ], [ 77.511071482838176, 16.543957402337444 ], [ 77.510627916315883, 16.544167193678259 ], [ 77.510207048834914, 16.544419451938488 ], [ 77.509812933579184, 16.544711747733185 ], [ 77.509449366094074, 16.545041266094067 ], [ 77.509119847733189, 16.54540483357918 ], [ 77.508827551938495, 16.5457989488349 ], [ 77.508575293678263, 16.546219816315869 ], [ 77.508365502337455, 16.546663382838172 ], [ 77.508200198321347, 16.547125376613728 ], [ 77.508080973597984, 16.547601348389918 ], [ 77.508008976366639, 16.54808671429835 ], [ 77.507984900000011, 16.5485768 ], [ 77.508008976366639, 16.549066885701649 ], [ 77.508080973597984, 16.549552251610081 ], [ 77.508200198321347, 16.550028223386271 ], [ 77.508365502337455, 16.550490217161826 ], [ 77.508575293678263, 16.55093378368413 ], [ 77.508827551938495, 16.551354651165099 ], [ 77.509119847733189, 16.551748766420818 ], [ 77.509449366094074, 16.552112333905932 ], [ 77.509812933579184, 16.552441852266814 ], [ 77.510207048834914, 16.552734148061511 ], [ 77.510627916315883, 16.55298640632174 ], [ 77.511071482838176, 16.553196197662555 ], [ 77.511533476613735, 16.553361501678662 ], [ 77.512009448389932, 16.553480726402015 ], [ 77.512494814298364, 16.553552723633359 ], [ 77.5129849, 16.5535768 ], [ 77.513474985701649, 16.553552723633359 ], [ 77.513960351610081, 16.553480726402015 ], [ 77.514436323386278, 16.553361501678662 ], [ 77.514898317161837, 16.553196197662555 ], [ 77.51534188368413, 16.55298640632174 ], [ 77.515762751165099, 16.552734148061511 ], [ 77.516156866420829, 16.552441852266814 ], [ 77.516520433905939, 16.552112333905932 ], [ 77.516849952266824, 16.551748766420818 ], [ 77.517142248061518, 16.551354651165099 ], [ 77.51739450632175, 16.55093378368413 ], [ 77.517604297662558, 16.550490217161826 ], [ 77.517769601678665, 16.550028223386271 ], [ 77.517888826402029, 16.549552251610081 ], [ 77.517960823633373, 16.549066885701649 ], [ 77.5179849, 16.5485768 ], [ 77.517960823633373, 16.54808671429835 ], [ 77.517888826402029, 16.547601348389918 ], [ 77.517769601678665, 16.547125376613728 ], [ 77.517604297662558, 16.546663382838172 ], [ 77.51739450632175, 16.546219816315869 ], [ 77.517142248061518, 16.5457989488349 ], [ 77.516849952266824, 16.54540483357918 ], [ 77.516520433905939, 16.545041266094067 ], [ 77.516156866420829, 16.544711747733185 ], [ 77.515762751165099, 16.544419451938488 ], [ 77.51534188368413, 16.544167193678259 ], [ 77.51509015976869, 16.544048137133007 ], [ 77.515284323386268, 16.543999501678663 ], [ 77.515746317161828, 16.543834197662555 ], [ 77.51618988368412, 16.54362440632174 ], [ 77.516610751165089, 16.543372148061511 ], [ 77.51700486642082, 16.543079852266814 ], [ 77.517368433905929, 16.542750333905932 ], [ 77.517697952266815, 16.542386766420819 ], [ 77.517927833753163, 16.542076807117866 ], [ 77.518072816315879, 16.542163706321741 ], [ 77.518516382838172, 16.542373497662556 ], [ 77.518978376613731, 16.542538801678663 ], [ 77.519454348389928, 16.542658026402016 ], [ 77.51993971429836, 16.542730023633361 ], [ 77.5204298, 16.5427541 ], [ 77.520919885701645, 16.542730023633361 ], [ 77.521405251610076, 16.542658026402016 ], [ 77.521881223386274, 16.542538801678663 ], [ 77.522343217161833, 16.542373497662556 ], [ 77.522786783684126, 16.542163706321741 ], [ 77.523207651165094, 16.541911448061512 ], [ 77.523601766420825, 16.541619152266815 ], [ 77.523965333905934, 16.541289633905933 ], [ 77.52429485226682, 16.54092606642082 ], [ 77.524475126475565, 16.540682994788689 ], [ 77.524574082838171, 16.540729797662554 ], [ 77.525036076613731, 16.540895101678661 ], [ 77.525512048389928, 16.541014326402014 ], [ 77.525997414298359, 16.541086323633358 ], [ 77.5264875, 16.5411104 ], [ 77.526977585701644, 16.541086323633358 ], [ 77.527462951610076, 16.541014326402014 ], [ 77.527938923386273, 16.540895101678661 ], [ 77.528400917161832, 16.540729797662554 ], [ 77.528844483684125, 16.540520006321739 ], [ 77.529265351165094, 16.54026774806151 ], [ 77.529659466420824, 16.539975452266813 ], [ 77.530023033905934, 16.539645933905931 ], [ 77.53035255226682, 16.539282366420817 ], [ 77.530644848061513, 16.538888251165098 ], [ 77.530897106321746, 16.538467383684129 ], [ 77.531106897662553, 16.538023817161825 ], [ 77.531272201678661, 16.53756182338627 ], [ 77.531391426402024, 16.53708585161008 ], [ 77.531463423633369, 16.536600485701648 ], [ 77.5314875, 16.5361104 ], [ 77.531463423633369, 16.535620314298349 ], [ 77.531391426402024, 16.535134948389917 ], [ 77.531272201678661, 16.534658976613727 ], [ 77.531106897662553, 16.534196982838171 ], [ 77.530897106321746, 16.533753416315868 ], [ 77.530644848061513, 16.533332548834899 ], [ 77.53035255226682, 16.532938433579179 ], [ 77.530023033905934, 16.532574866094066 ], [ 77.529659466420824, 16.532245347733184 ], [ 77.529265351165094, 16.531953051938487 ], [ 77.528844483684125, 16.531700793678258 ], [ 77.528400917161832, 16.531491002337443 ], [ 77.527938923386273, 16.531325698321336 ], [ 77.527462951610076, 16.531206473597983 ], [ 77.526977585701644, 16.531134476366638 ], [ 77.5264875, 16.5311104 ], [ 77.525997414298359, 16.531134476366638 ], [ 77.525512048389928, 16.531206473597983 ], [ 77.525036076613731, 16.531325698321336 ], [ 77.524574082838171, 16.531491002337443 ], [ 77.524130516315878, 16.531700793678258 ], [ 77.52370964883491, 16.531953051938487 ], [ 77.523315533579179, 16.532245347733184 ], [ 77.523254359894352, 16.532300792329249 ], [ 77.523272406321738, 16.532270683684132 ], [ 77.523482197662545, 16.531827117161829 ], [ 77.523647501678653, 16.531365123386273 ], [ 77.523766726402016, 16.530889151610083 ], [ 77.523838723633361, 16.530403785701651 ], [ 77.523862799999989, 16.5299137 ], [ 77.523838723633361, 16.529423614298352 ], [ 77.523766726402016, 16.52893824838992 ], [ 77.523647501678653, 16.52846227661373 ], [ 77.523482197662545, 16.528000282838175 ], [ 77.523272406321738, 16.527556716315871 ], [ 77.523020148061505, 16.527135848834902 ], [ 77.522727852266812, 16.526741733579183 ], [ 77.522398333905926, 16.526378166094069 ], [ 77.522034766420816, 16.526048647733187 ], [ 77.521640651165086, 16.52575635193849 ], [ 77.521219783684117, 16.525504093678261 ], [ 77.520776217161824, 16.525294302337446 ], [ 77.520314223386265, 16.525128998321339 ], [ 77.520033284466422, 16.525058626785313 ], [ 77.520017823633367, 16.524743914298352 ], [ 77.519945826402022, 16.52425854838992 ], [ 77.519826601678659, 16.52378257661373 ], [ 77.519661297662552, 16.523320582838174 ], [ 77.519647911849731, 16.523292280914866 ], [ 77.51988250632175, 16.52290088368413 ], [ 77.520092297662558, 16.522457317161827 ], [ 77.520257601678665, 16.521995323386271 ], [ 77.520376826402028, 16.521519351610081 ], [ 77.520448823633373, 16.521033985701649 ], [ 77.5204729, 16.5205439 ], [ 77.520448823633373, 16.52005381429835 ], [ 77.520376826402028, 16.519568448389919 ], [ 77.520257601678665, 16.519092476613729 ], [ 77.520092297662558, 16.518630482838173 ], [ 77.519991308797444, 16.518416959822794 ], [ 77.520090548061518, 16.5182831511651 ], [ 77.52034280632175, 16.517862283684131 ], [ 77.520552597662558, 16.517418717161828 ], [ 77.520717901678665, 16.516956723386272 ], [ 77.520837126402029, 16.516480751610082 ], [ 77.520909123633373, 16.51599538570165 ], [ 77.5209332, 16.5155053 ], [ 77.520918125703304, 16.515198455641553 ], [ 77.520930826402022, 16.51514775161008 ], [ 77.521002823633367, 16.514662385701648 ], [ 77.521012433216185, 16.51446677814959 ], [ 77.521014523633369, 16.514452685701649 ], [ 77.521028828525445, 16.514161502933916 ], [ 77.521031723633371, 16.514141985701649 ], [ 77.5210558, 16.5136519 ], [ 77.521031723633371, 16.51316181429835 ], [ 77.521010391546497, 16.513018005050029 ], [ 77.521124326402017, 16.512563151610081 ], [ 77.521196323633362, 16.512077785701649 ], [ 77.5212204, 16.5115877 ], [ 77.521196323633362, 16.51109761429835 ], [ 77.521124326402017, 16.510612248389918 ], [ 77.521005101678654, 16.510136276613729 ], [ 77.520839797662546, 16.509674282838173 ], [ 77.520794451356366, 16.509578406129172 ], [ 77.521105817161825, 16.509466997662557 ], [ 77.521549383684118, 16.509257206321742 ], [ 77.521905798392368, 16.509043579566793 ], [ 77.522062647733179, 16.50925506642082 ], [ 77.522392166094065, 16.509618633905934 ], [ 77.522755733579174, 16.509948152266816 ], [ 77.523149848834905, 16.510240448061513 ], [ 77.523570716315874, 16.510492706321742 ], [ 77.524014282838166, 16.510702497662557 ], [ 77.524476276613726, 16.510867801678664 ], [ 77.524952248389923, 16.510987026402017 ], [ 77.525437614298355, 16.511059023633361 ], [ 77.5259277, 16.5110831 ], [ 77.526417785701639, 16.511059023633361 ], [ 77.526903151610071, 16.510987026402017 ], [ 77.526919142077446, 16.510983020998452 ], [ 77.527039185701639, 16.51097712363336 ], [ 77.527524551610071, 16.510905126402015 ], [ 77.528000523386268, 16.510785901678663 ], [ 77.528462517161827, 16.510620597662555 ], [ 77.52890608368412, 16.51041080632174 ], [ 77.529326951165089, 16.510158548061511 ], [ 77.529721066420819, 16.509866252266814 ], [ 77.530076179380075, 16.509544396641502 ], [ 77.53050781429836, 16.50960842363336 ], [ 77.5309979, 16.5096325 ], [ 77.531487985701645, 16.50960842363336 ], [ 77.531973351610077, 16.509536426402015 ], [ 77.532449323386274, 16.509417201678662 ], [ 77.532911317161833, 16.509251897662555 ], [ 77.533354883684126, 16.50904210632174 ], [ 77.533775751165095, 16.508789848061511 ], [ 77.534169866420825, 16.508497552266814 ], [ 77.534533433905935, 16.508168033905932 ], [ 77.53486295226682, 16.507804466420819 ], [ 77.535155248061514, 16.507410351165099 ], [ 77.535407506321746, 16.50698948368413 ], [ 77.535557936184105, 16.506671426462905 ], [ 77.535814947733186, 16.507017966420818 ], [ 77.536144466094072, 16.507381533905932 ], [ 77.536146380095417, 16.507383268655627 ], [ 77.53631859367826, 16.50774738368413 ], [ 77.536570851938492, 16.508168251165099 ], [ 77.536863147733186, 16.508562366420819 ], [ 77.537192666094072, 16.508925933905932 ], [ 77.537556233579181, 16.509255452266814 ], [ 77.537950348834912, 16.509547748061511 ], [ 77.53837121631588, 16.50980000632174 ], [ 77.538814782838173, 16.510009797662555 ], [ 77.539276776613733, 16.510175101678662 ], [ 77.53975274838993, 16.510294326402015 ], [ 77.540238114298361, 16.51036632363336 ], [ 77.5407282, 16.5103904 ], [ 77.541218285701646, 16.51036632363336 ], [ 77.541703651610078, 16.510294326402015 ], [ 77.542179623386275, 16.510175101678662 ], [ 77.542641617161834, 16.510009797662555 ], [ 77.543085183684127, 16.50980000632174 ], [ 77.543506051165096, 16.509547748061511 ], [ 77.543900166420826, 16.509255452266814 ], [ 77.544263733905936, 16.508925933905932 ], [ 77.544593252266822, 16.508562366420819 ], [ 77.544885548061515, 16.508168251165099 ], [ 77.545137806321748, 16.50774738368413 ], [ 77.545347597662555, 16.507303817161826 ], [ 77.545512901678663, 16.506841823386271 ], [ 77.545632126402026, 16.506365851610081 ], [ 77.545704123633371, 16.505880485701649 ], [ 77.5457282, 16.5053904 ], [ 77.545704123633371, 16.50490031429835 ], [ 77.545632126402026, 16.504414948389918 ], [ 77.545512901678663, 16.503938976613728 ], [ 77.545347597662555, 16.503476982838173 ], [ 77.545137806321748, 16.503033416315869 ], [ 77.544885548061515, 16.5026125488349 ], [ 77.544593252266822, 16.502218433579181 ], [ 77.544263733905936, 16.501854866094067 ], [ 77.544261819904591, 16.501853131344372 ], [ 77.544089606321748, 16.501489016315869 ], [ 77.543837348061516, 16.5010681488349 ], [ 77.543545052266822, 16.50067403357918 ], [ 77.543215533905936, 16.500310466094067 ], [ 77.542851966420827, 16.499980947733185 ], [ 77.542457851165096, 16.499688651938488 ], [ 77.542036983684127, 16.499436393678259 ], [ 77.541593417161835, 16.499226602337444 ], [ 77.541131423386275, 16.499061298321337 ], [ 77.540655451610078, 16.498942073597984 ], [ 77.540170085701646, 16.498870076366639 ], [ 77.53968, 16.498846 ], [ 77.539189914298362, 16.498870076366639 ], [ 77.53870454838993, 16.498942073597984 ], [ 77.538228576613733, 16.499061298321337 ], [ 77.537766582838174, 16.499226602337444 ], [ 77.537610381098617, 16.499300480258192 ], [ 77.537528906321739, 16.499128216315871 ], [ 77.537276648061507, 16.498707348834902 ], [ 77.537209598176176, 16.498616942530109 ], [ 77.537478852266815, 16.498319866420818 ], [ 77.537771148061509, 16.497925751165099 ], [ 77.538023406321742, 16.49750488368413 ], [ 77.538233197662549, 16.497061317161826 ], [ 77.538398501678657, 16.49659932338627 ], [ 77.53851772640202, 16.49612335161008 ], [ 77.538589723633365, 16.495637985701649 ], [ 77.5386138, 16.4951479 ], [ 77.538589723633365, 16.49465781429835 ], [ 77.53851772640202, 16.494172448389918 ], [ 77.538398501678657, 16.493696476613728 ], [ 77.538233197662549, 16.493234482838172 ], [ 77.538023406321742, 16.492790916315869 ], [ 77.537771148061509, 16.4923700488349 ], [ 77.537478852266815, 16.49197593357918 ], [ 77.53714933390593, 16.491612366094067 ], [ 77.53678576642082, 16.491282847733185 ], [ 77.53639165116509, 16.490990551938488 ], [ 77.535970783684121, 16.490738293678259 ], [ 77.535527217161828, 16.490528502337444 ], [ 77.535065223386269, 16.490363198321337 ], [ 77.534589251610072, 16.490243973597984 ], [ 77.53410388570164, 16.490171976366639 ], [ 77.5336138, 16.4901479 ], [ 77.533123714298355, 16.490171976366639 ], [ 77.532638348389924, 16.490243973597984 ], [ 77.532162376613726, 16.490363198321337 ], [ 77.531700382838167, 16.490528502337444 ], [ 77.531256816315874, 16.490738293678259 ], [ 77.530835948834905, 16.490990551938488 ], [ 77.530441833579175, 16.491282847733185 ], [ 77.530078266094065, 16.491612366094067 ], [ 77.52974874773318, 16.49197593357918 ], [ 77.529456451938486, 16.4923700488349 ], [ 77.529204193678254, 16.492790916315869 ], [ 77.528994402337446, 16.493234482838172 ], [ 77.528829098321339, 16.493696476613728 ], [ 77.528709873597975, 16.494172448389918 ], [ 77.528637876366631, 16.49465781429835 ], [ 77.5286138, 16.4951479 ], [ 77.528637876366631, 16.495637985701649 ], [ 77.528709873597975, 16.49612335161008 ], [ 77.528829098321339, 16.49659932338627 ], [ 77.528994402337446, 16.497061317161826 ], [ 77.529204193678254, 16.49750488368413 ], [ 77.529456451938486, 16.497925751165099 ], [ 77.529523501823817, 16.498016157469891 ], [ 77.529254247733178, 16.498313233579182 ], [ 77.528961951938484, 16.498707348834902 ], [ 77.528709693678252, 16.499128216315871 ], [ 77.528499902337444, 16.499571782838174 ], [ 77.528334598321337, 16.50003377661373 ], [ 77.528224744555061, 16.500472337432139 ], [ 77.52822004883491, 16.500475151938488 ], [ 77.52782593357918, 16.500767447733185 ], [ 77.527470820619925, 16.501089303358498 ], [ 77.527039185701639, 16.50102527636664 ], [ 77.5265491, 16.5010012 ], [ 77.526059014298355, 16.50102527636664 ], [ 77.525573648389923, 16.501097273597985 ], [ 77.525557657922548, 16.501101279001549 ], [ 77.525437614298355, 16.501107176366641 ], [ 77.524952248389923, 16.501179173597986 ], [ 77.524476276613726, 16.501298398321339 ], [ 77.524014282838166, 16.501463702337446 ], [ 77.523570716315874, 16.501673493678261 ], [ 77.523469007439388, 16.501734455632779 ], [ 77.523704006321751, 16.501342383684129 ], [ 77.523913797662559, 16.500898817161826 ], [ 77.524079101678666, 16.50043682338627 ], [ 77.524198326402029, 16.49996085161008 ], [ 77.524270323633374, 16.499475485701648 ], [ 77.5242944, 16.4989854 ], [ 77.524270323633374, 16.498495314298349 ], [ 77.524198326402029, 16.498009948389917 ], [ 77.524079101678666, 16.497533976613727 ], [ 77.523913797662559, 16.497071982838172 ], [ 77.523704006321751, 16.496628416315868 ], [ 77.523451748061518, 16.496207548834899 ], [ 77.523159452266825, 16.49581343357918 ], [ 77.522829933905939, 16.495449866094066 ], [ 77.522466366420829, 16.495120347733184 ], [ 77.522072251165099, 16.494828051938487 ], [ 77.52165138368413, 16.494575793678258 ], [ 77.521207817161837, 16.494366002337443 ], [ 77.520745823386278, 16.494200698321336 ], [ 77.520269851610081, 16.494081473597983 ], [ 77.519784485701649, 16.494009476366639 ], [ 77.5192944, 16.4939854 ], [ 77.518804314298364, 16.494009476366639 ], [ 77.518318948389933, 16.494081473597983 ], [ 77.517842976613736, 16.494200698321336 ], [ 77.517380982838176, 16.494366002337443 ], [ 77.517251534843666, 16.494427226679157 ], [ 77.5168907, 16.4944095 ], [ 77.516400614298362, 16.494433576366639 ], [ 77.515915248389931, 16.494505573597984 ], [ 77.515439276613733, 16.494624798321336 ], [ 77.515013119765186, 16.494777279679923 ], [ 77.514726585701638, 16.494734776366641 ], [ 77.5142365, 16.4947107 ], [ 77.513746414298353, 16.494734776366641 ], [ 77.513261048389921, 16.494806773597986 ], [ 77.512785076613724, 16.494925998321339 ], [ 77.51277226396796, 16.494930582759299 ], [ 77.51263614838993, 16.494950773597985 ], [ 77.512160176613733, 16.495069998321338 ], [ 77.511698182838174, 16.495235302337445 ], [ 77.511323954098643, 16.495412299349375 ], [ 77.511306623386275, 16.495406098321336 ], [ 77.510830651610078, 16.495286873597983 ], [ 77.510345285701646, 16.495214876366639 ], [ 77.51026745045607, 16.495211052566223 ], [ 77.509977151165089, 16.49499575193849 ], [ 77.50955628368412, 16.494743493678261 ], [ 77.509112717161827, 16.494533702337446 ], [ 77.508650723386268, 16.494368398321338 ], [ 77.508174751610071, 16.494249173597986 ], [ 77.507689385701639, 16.494177176366641 ], [ 77.5071993, 16.4941531 ], [ 77.506964407040698, 16.494164639551126 ], [ 77.50675714806151, 16.493818848834902 ], [ 77.506464852266816, 16.493424733579182 ], [ 77.506135333905931, 16.493061166094069 ], [ 77.505771766420821, 16.492731647733187 ], [ 77.505377651165091, 16.49243935193849 ], [ 77.504956783684122, 16.492187093678261 ], [ 77.504513217161829, 16.491977302337446 ], [ 77.50405122338627, 16.491811998321339 ], [ 77.503575251610073, 16.491692773597986 ], [ 77.503089885701641, 16.491620776366641 ], [ 77.5025998, 16.4915967 ] ] ], [ [ [ 77.510375283684127, 16.60533969367826 ], [ 77.509931717161834, 16.605129902337445 ], [ 77.509469723386275, 16.604964598321338 ], [ 77.508993751610078, 16.604845373597986 ], [ 77.508508385701646, 16.604773376366641 ], [ 77.5080183, 16.6047493 ], [ 77.507528214298361, 16.604773376366641 ], [ 77.507042848389929, 16.604845373597986 ], [ 77.506566876613732, 16.604964598321338 ], [ 77.506104882838173, 16.605129902337445 ], [ 77.50566131631588, 16.60533969367826 ], [ 77.505240448834911, 16.605591951938489 ], [ 77.504846333579181, 16.605884247733186 ], [ 77.504482766094071, 16.606213766094069 ], [ 77.504153247733186, 16.606577333579182 ], [ 77.503860951938492, 16.606971448834901 ], [ 77.50360869367826, 16.60739231631587 ], [ 77.503398902337452, 16.607835882838174 ], [ 77.503233598321344, 16.608297876613729 ], [ 77.503114373597981, 16.608773848389919 ], [ 77.503042376366636, 16.609259214298351 ], [ 77.5030183, 16.6097493 ], [ 77.503042376366636, 16.61023938570165 ], [ 77.503114373597981, 16.610724751610082 ], [ 77.503233598321344, 16.611200723386272 ], [ 77.503398902337452, 16.611662717161828 ], [ 77.50360869367826, 16.612106283684131 ], [ 77.503860951938492, 16.6125271511651 ], [ 77.504153247733186, 16.61292126642082 ], [ 77.504482766094071, 16.613284833905933 ], [ 77.504846333579181, 16.613614352266815 ], [ 77.505240448834911, 16.613906648061512 ], [ 77.50566131631588, 16.614158906321741 ], [ 77.506104882838173, 16.614368697662556 ], [ 77.506566876613732, 16.614534001678663 ], [ 77.507042848389929, 16.614653226402016 ], [ 77.507528214298361, 16.614725223633361 ], [ 77.5080183, 16.6147493 ], [ 77.508508385701646, 16.614725223633361 ], [ 77.508993751610078, 16.614653226402016 ], [ 77.509469723386275, 16.614534001678663 ], [ 77.509931717161834, 16.614368697662556 ], [ 77.510375283684127, 16.614158906321741 ], [ 77.510796151165096, 16.613906648061512 ], [ 77.511190266420826, 16.613614352266815 ], [ 77.511553833905936, 16.613284833905933 ], [ 77.511883352266821, 16.61292126642082 ], [ 77.512175648061515, 16.6125271511651 ], [ 77.512427906321747, 16.612106283684131 ], [ 77.512637697662555, 16.611662717161828 ], [ 77.512803001678662, 16.611200723386272 ], [ 77.512922226402026, 16.610724751610082 ], [ 77.51299422363337, 16.61023938570165 ], [ 77.5130183, 16.6097493 ], [ 77.51299422363337, 16.609259214298351 ], [ 77.512922226402026, 16.608773848389919 ], [ 77.512803001678662, 16.608297876613729 ], [ 77.512637697662555, 16.607835882838174 ], [ 77.512427906321747, 16.60739231631587 ], [ 77.512175648061515, 16.606971448834901 ], [ 77.511883352266821, 16.606577333579182 ], [ 77.511553833905936, 16.606213766094069 ], [ 77.511190266420826, 16.605884247733186 ], [ 77.510796151165096, 16.605591951938489 ], [ 77.510375283684127, 16.60533969367826 ] ] ], [ [ [ 77.5050218, 16.6406644 ], [ 77.504531714298352, 16.640688476366641 ], [ 77.50404634838992, 16.640760473597986 ], [ 77.503570376613723, 16.640879698321339 ], [ 77.503108382838164, 16.641045002337446 ], [ 77.502664816315871, 16.641254793678261 ], [ 77.502243948834902, 16.64150705193849 ], [ 77.501849833579172, 16.641799347733187 ], [ 77.501486266094062, 16.642128866094069 ], [ 77.501156747733177, 16.642492433579182 ], [ 77.500864451938483, 16.642886548834902 ], [ 77.500612193678251, 16.643307416315871 ], [ 77.500402402337443, 16.643750982838174 ], [ 77.500237098321335, 16.64421297661373 ], [ 77.500117873597972, 16.64468894838992 ], [ 77.500045876366627, 16.645174314298352 ], [ 77.500043633610318, 16.645219966651837 ], [ 77.500024476366633, 16.645349114298352 ], [ 77.5000004, 16.6458392 ], [ 77.500024476366633, 16.64632928570165 ], [ 77.500096473597978, 16.646814651610082 ], [ 77.500215698321341, 16.647290623386272 ], [ 77.500381002337448, 16.647752617161828 ], [ 77.500590793678256, 16.648196183684131 ], [ 77.500843051938489, 16.6486170511651 ], [ 77.501135347733182, 16.64901116642082 ], [ 77.501464866094068, 16.649374733905933 ], [ 77.501828433579178, 16.649704252266815 ], [ 77.502222548834908, 16.649996548061512 ], [ 77.502643416315877, 16.650248806321741 ], [ 77.50308698283817, 16.650458597662556 ], [ 77.503548976613729, 16.650623901678664 ], [ 77.504024948389926, 16.650743126402016 ], [ 77.504510314298358, 16.650815123633361 ], [ 77.5050004, 16.6508392 ], [ 77.505490485701642, 16.650815123633361 ], [ 77.505975851610074, 16.650743126402016 ], [ 77.506023086297105, 16.650731294728846 ], [ 77.506138151610074, 16.650714226402016 ], [ 77.506614123386271, 16.650595001678663 ], [ 77.50707611716183, 16.650429697662556 ], [ 77.507519683684123, 16.650219906321741 ], [ 77.507940551165092, 16.649967648061512 ], [ 77.508334666420822, 16.649675352266815 ], [ 77.508698233905932, 16.649345833905933 ], [ 77.509027752266817, 16.64898226642082 ], [ 77.509320048061511, 16.6485881511651 ], [ 77.509572306321743, 16.648167283684131 ], [ 77.509782097662551, 16.647723717161828 ], [ 77.509947401678659, 16.647261723386272 ], [ 77.510066626402022, 16.646785751610082 ], [ 77.510138623633367, 16.64630038570165 ], [ 77.5101627, 16.6458103 ], [ 77.510138623633367, 16.645320214298351 ], [ 77.510066626402022, 16.64483484838992 ], [ 77.509947401678659, 16.64435887661373 ], [ 77.509782097662551, 16.643896882838174 ], [ 77.509572306321743, 16.64345331631587 ], [ 77.509320048061511, 16.643032448834902 ], [ 77.509027752266817, 16.642638333579182 ], [ 77.508698233905932, 16.642274766094069 ], [ 77.508649705845315, 16.642230782823706 ], [ 77.508557333905927, 16.642128866094069 ], [ 77.508193766420817, 16.641799347733187 ], [ 77.507799651165087, 16.64150705193849 ], [ 77.507378783684118, 16.641254793678261 ], [ 77.506935217161825, 16.641045002337446 ], [ 77.506473223386266, 16.640879698321339 ], [ 77.505997251610069, 16.640760473597986 ], [ 77.505511885701637, 16.640688476366641 ], [ 77.5050218, 16.6406644 ] ] ], [ [ [ 77.517186051165098, 16.679625151938488 ], [ 77.516765183684129, 16.679372893678259 ], [ 77.516321617161836, 16.679163102337444 ], [ 77.515859623386277, 16.678997798321337 ], [ 77.51538365161008, 16.678878573597984 ], [ 77.514898285701648, 16.67880657636664 ], [ 77.5144082, 16.6787825 ], [ 77.513918114298363, 16.67880657636664 ], [ 77.513432748389931, 16.678878573597984 ], [ 77.512956776613734, 16.678997798321337 ], [ 77.512494782838175, 16.679163102337444 ], [ 77.512051216315882, 16.679372893678259 ], [ 77.511630348834913, 16.679625151938488 ], [ 77.511236233579183, 16.679917447733185 ], [ 77.510872666094073, 16.680246966094067 ], [ 77.510543147733188, 16.680610533579181 ], [ 77.510250851938494, 16.6810046488349 ], [ 77.509998593678262, 16.681425516315869 ], [ 77.509788802337454, 16.681869082838173 ], [ 77.509623498321346, 16.682331076613728 ], [ 77.509504273597983, 16.682807048389918 ], [ 77.509432276366638, 16.68329241429835 ], [ 77.50940820000001, 16.6837825 ], [ 77.509432276366638, 16.684272585701649 ], [ 77.509504273597983, 16.684757951610081 ], [ 77.509623498321346, 16.685233923386271 ], [ 77.509788802337454, 16.685695917161826 ], [ 77.509998593678262, 16.68613948368413 ], [ 77.510250851938494, 16.686560351165099 ], [ 77.510543147733188, 16.686954466420818 ], [ 77.510872666094073, 16.687318033905932 ], [ 77.511236233579183, 16.687647552266814 ], [ 77.511630348834913, 16.687939848061511 ], [ 77.512051216315882, 16.68819210632174 ], [ 77.512494782838175, 16.688401897662555 ], [ 77.512956776613734, 16.688567201678662 ], [ 77.513432748389931, 16.688686426402015 ], [ 77.513918114298363, 16.688758423633359 ], [ 77.5144082, 16.6887825 ], [ 77.514898285701648, 16.688758423633359 ], [ 77.51538365161008, 16.688686426402015 ], [ 77.515859623386277, 16.688567201678662 ], [ 77.516321617161836, 16.688401897662555 ], [ 77.516765183684129, 16.68819210632174 ], [ 77.517186051165098, 16.687939848061511 ], [ 77.517580166420828, 16.687647552266814 ], [ 77.517943733905938, 16.687318033905932 ], [ 77.518273252266823, 16.686954466420818 ], [ 77.518565548061517, 16.686560351165099 ], [ 77.518817806321749, 16.68613948368413 ], [ 77.519027597662557, 16.685695917161826 ], [ 77.519192901678664, 16.685233923386271 ], [ 77.519312126402028, 16.684757951610081 ], [ 77.519384123633372, 16.684272585701649 ], [ 77.5194082, 16.6837825 ], [ 77.519384123633372, 16.68329241429835 ], [ 77.519312126402028, 16.682807048389918 ], [ 77.519192901678664, 16.682331076613728 ], [ 77.519027597662557, 16.681869082838173 ], [ 77.518817806321749, 16.681425516315869 ], [ 77.518565548061517, 16.6810046488349 ], [ 77.518273252266823, 16.680610533579181 ], [ 77.517943733905938, 16.680246966094067 ], [ 77.517580166420828, 16.679917447733185 ], [ 77.517186051165098, 16.679625151938488 ] ] ], [ [ [ 77.5280275, 16.722916 ], [ 77.527537414298351, 16.72294007636664 ], [ 77.527052048389919, 16.723012073597985 ], [ 77.526576076613722, 16.723131298321338 ], [ 77.526114082838163, 16.723296602337445 ], [ 77.52567051631587, 16.72350639367826 ], [ 77.525249648834901, 16.723758651938489 ], [ 77.524855533579171, 16.724050947733186 ], [ 77.524491966094061, 16.724380466094068 ], [ 77.524162447733175, 16.724744033579181 ], [ 77.523870151938482, 16.725138148834901 ], [ 77.523617893678249, 16.72555901631587 ], [ 77.523408102337442, 16.726002582838174 ], [ 77.523242798321334, 16.726464576613729 ], [ 77.523123573597971, 16.726940548389919 ], [ 77.523051576366626, 16.727425914298351 ], [ 77.5230275, 16.727916 ], [ 77.523051576366626, 16.72840608570165 ], [ 77.523123573597971, 16.728891451610082 ], [ 77.523242798321334, 16.729367423386272 ], [ 77.523408102337442, 16.729829417161827 ], [ 77.523588958985229, 16.73021180641577 ], [ 77.523415193678261, 16.730501716315871 ], [ 77.523205402337453, 16.730945282838174 ], [ 77.523040098321346, 16.73140727661373 ], [ 77.522920873597982, 16.73188324838992 ], [ 77.522848876366638, 16.732368614298352 ], [ 77.5228248, 16.7328587 ], [ 77.522848876366638, 16.733348785701651 ], [ 77.522920873597982, 16.733834151610083 ], [ 77.523040098321346, 16.734310123386273 ], [ 77.523205402337453, 16.734772117161828 ], [ 77.523415193678261, 16.735215683684132 ], [ 77.523667451938493, 16.735636551165101 ], [ 77.523959747733187, 16.73603066642082 ], [ 77.524289266094073, 16.736394233905934 ], [ 77.524652833579182, 16.736723752266816 ], [ 77.525046948834913, 16.737016048061513 ], [ 77.525467816315881, 16.737268306321742 ], [ 77.525911382838174, 16.737478097662557 ], [ 77.526373376613734, 16.737643401678664 ], [ 77.526849348389931, 16.737762626402017 ], [ 77.527334714298362, 16.737834623633361 ], [ 77.5278248, 16.7378587 ], [ 77.528314885701647, 16.737834623633361 ], [ 77.528800251610079, 16.737762626402017 ], [ 77.529276223386276, 16.737643401678664 ], [ 77.529738217161835, 16.737478097662557 ], [ 77.530181783684128, 16.737268306321742 ], [ 77.530602651165097, 16.737016048061513 ], [ 77.530996766420827, 16.736723752266816 ], [ 77.531360333905937, 16.736394233905934 ], [ 77.531689852266823, 16.73603066642082 ], [ 77.531982148061516, 16.735636551165101 ], [ 77.532234406321749, 16.735215683684132 ], [ 77.532444197662556, 16.734772117161828 ], [ 77.532609501678664, 16.734310123386273 ], [ 77.532728726402027, 16.733834151610083 ], [ 77.532800723633372, 16.733348785701651 ], [ 77.5328248, 16.7328587 ], [ 77.532800723633372, 16.732368614298352 ], [ 77.532728726402027, 16.73188324838992 ], [ 77.532609501678664, 16.73140727661373 ], [ 77.532444197662556, 16.730945282838174 ], [ 77.532263341014769, 16.730562893584231 ], [ 77.532437106321737, 16.730272983684131 ], [ 77.532646897662545, 16.729829417161827 ], [ 77.532812201678652, 16.729367423386272 ], [ 77.532931426402016, 16.728891451610082 ], [ 77.53300342363336, 16.72840608570165 ], [ 77.533027499999989, 16.727916 ], [ 77.53300342363336, 16.727425914298351 ], [ 77.532931426402016, 16.726940548389919 ], [ 77.532812201678652, 16.726464576613729 ], [ 77.532646897662545, 16.726002582838174 ], [ 77.532437106321737, 16.72555901631587 ], [ 77.532184848061505, 16.725138148834901 ], [ 77.531892552266811, 16.724744033579181 ], [ 77.531563033905925, 16.724380466094068 ], [ 77.531199466420816, 16.724050947733186 ], [ 77.530805351165085, 16.723758651938489 ], [ 77.530384483684117, 16.72350639367826 ], [ 77.529940917161824, 16.723296602337445 ], [ 77.529478923386264, 16.723131298321338 ], [ 77.529002951610067, 16.723012073597985 ], [ 77.528517585701636, 16.72294007636664 ], [ 77.5280275, 16.722916 ] ] ], [ [ [ 77.500115648661506, 16.812090542047063 ], [ 77.499653823386268, 16.811925298321338 ], [ 77.499177851610071, 16.811806073597985 ], [ 77.498692485701639, 16.811734076366641 ], [ 77.4982024, 16.81171 ], [ 77.497712314298354, 16.811734076366641 ], [ 77.497226948389923, 16.811806073597985 ], [ 77.496750976613725, 16.811925298321338 ], [ 77.496288982838166, 16.812090602337445 ], [ 77.495845416315873, 16.81230039367826 ], [ 77.495424548834904, 16.812552651938489 ], [ 77.495030433579174, 16.812844947733186 ], [ 77.494666866094065, 16.813174466094068 ], [ 77.494337347733179, 16.813538033579182 ], [ 77.494045051938485, 16.813932148834901 ], [ 77.493792793678253, 16.81435301631587 ], [ 77.493583002337445, 16.814796582838174 ], [ 77.493417698321338, 16.815258576613729 ], [ 77.493298473597974, 16.815734548389919 ], [ 77.49322647636663, 16.816219914298351 ], [ 77.4932024, 16.81671 ], [ 77.49322647636663, 16.81720008570165 ], [ 77.493298473597974, 16.817685451610082 ], [ 77.493417698321338, 16.818161423386272 ], [ 77.493583002337445, 16.818623417161827 ], [ 77.493792793678253, 16.819066983684131 ], [ 77.494045051938485, 16.8194878511651 ], [ 77.494337347733179, 16.819881966420819 ], [ 77.494490597335783, 16.820051051301139 ], [ 77.494426573597977, 16.82030664838992 ], [ 77.494354576366632, 16.820792014298352 ], [ 77.4943305, 16.8212821 ], [ 77.494354576366632, 16.821772185701651 ], [ 77.494426573597977, 16.822257551610083 ], [ 77.49454579832134, 16.822733523386272 ], [ 77.494711102337448, 16.823195517161828 ], [ 77.494920893678255, 16.823639083684132 ], [ 77.495173151938488, 16.824059951165101 ], [ 77.495465447733181, 16.82445406642082 ], [ 77.495794966094067, 16.824817633905933 ], [ 77.496158533579177, 16.825147152266815 ], [ 77.496552648834907, 16.825439448061513 ], [ 77.496973516315876, 16.825691706321741 ], [ 77.497417082838169, 16.825901497662556 ], [ 77.497879076613728, 16.826066801678664 ], [ 77.498355048389925, 16.826186026402016 ], [ 77.498840414298357, 16.826258023633361 ], [ 77.4993305, 16.8262821 ], [ 77.499820585701642, 16.826258023633361 ], [ 77.500305951610073, 16.826186026402016 ], [ 77.50078192338627, 16.826066801678664 ], [ 77.50124391716183, 16.825901497662556 ], [ 77.501687483684123, 16.825691706321741 ], [ 77.502108351165091, 16.825439448061513 ], [ 77.502502466420822, 16.825147152266815 ], [ 77.502866033905931, 16.824817633905933 ], [ 77.503195552266817, 16.82445406642082 ], [ 77.503487848061511, 16.824059951165101 ], [ 77.503621633141989, 16.823836744243106 ], [ 77.503943476613728, 16.823951901678662 ], [ 77.504419448389925, 16.824071126402014 ], [ 77.504904814298357, 16.824143123633359 ], [ 77.5053949, 16.8241672 ], [ 77.505884985701641, 16.824143123633359 ], [ 77.506370351610073, 16.824071126402014 ], [ 77.50684632338627, 16.823951901678662 ], [ 77.507308317161829, 16.823786597662554 ], [ 77.507751883684122, 16.823576806321739 ], [ 77.508172751165091, 16.82332454806151 ], [ 77.508566866420821, 16.823032252266813 ], [ 77.508930433905931, 16.822702733905931 ], [ 77.509259952266817, 16.822339166420818 ], [ 77.50955224806151, 16.821945051165098 ], [ 77.509804506321743, 16.821524183684129 ], [ 77.510014297662551, 16.821080617161826 ], [ 77.510179601678658, 16.82061862338627 ], [ 77.510298826402021, 16.82014265161008 ], [ 77.510370823633366, 16.819657285701648 ], [ 77.5103949, 16.8191672 ], [ 77.510370823633366, 16.81867711429835 ], [ 77.510298826402021, 16.818191748389918 ], [ 77.510179601678658, 16.817715776613728 ], [ 77.510014297662551, 16.817253782838172 ], [ 77.509804506321743, 16.816810216315869 ], [ 77.50955224806151, 16.8163893488349 ], [ 77.509259952266817, 16.81599523357918 ], [ 77.509122504644566, 16.815843583497461 ], [ 77.509387714298356, 16.81588292363336 ], [ 77.5098778, 16.815907 ], [ 77.51036788570164, 16.81588292363336 ], [ 77.510853251610072, 16.815810926402015 ], [ 77.511329223386269, 16.815691701678663 ], [ 77.511791217161829, 16.815526397662556 ], [ 77.512234783684121, 16.815316606321741 ], [ 77.51265565116509, 16.815064348061512 ], [ 77.512881160594787, 16.814897098869793 ], [ 77.513309083684121, 16.814694706321742 ], [ 77.513729951165089, 16.814442448061513 ], [ 77.51412406642082, 16.814150152266816 ], [ 77.514487633905929, 16.813820633905934 ], [ 77.514817152266815, 16.81345706642082 ], [ 77.515109448061509, 16.813062951165101 ], [ 77.515361706321741, 16.812642083684132 ], [ 77.515571497662549, 16.812198517161828 ], [ 77.515736801678656, 16.811736523386273 ], [ 77.51585602640202, 16.811260551610083 ], [ 77.515928023633364, 16.810775185701651 ], [ 77.5159521, 16.8102851 ], [ 77.515928023633364, 16.809795014298352 ], [ 77.51585602640202, 16.80930964838992 ], [ 77.515736801678656, 16.80883367661373 ], [ 77.515571497662549, 16.808371682838175 ], [ 77.515361706321741, 16.807928116315871 ], [ 77.515109448061509, 16.807507248834902 ], [ 77.514817152266815, 16.807113133579183 ], [ 77.514487633905929, 16.806749566094069 ], [ 77.51412406642082, 16.806420047733187 ], [ 77.513729951165089, 16.80612775193849 ], [ 77.513309083684121, 16.805875493678261 ], [ 77.512865517161828, 16.805665702337446 ], [ 77.512403523386268, 16.805500398321339 ], [ 77.511927551610071, 16.805381173597986 ], [ 77.51144218570164, 16.805309176366642 ], [ 77.5109521, 16.8052851 ], [ 77.510729143229241, 16.805296053163786 ], [ 77.510349983684122, 16.805068793678259 ], [ 77.509906417161829, 16.804859002337444 ], [ 77.50944442338627, 16.804693698321337 ], [ 77.508968451610073, 16.804574473597985 ], [ 77.508483085701641, 16.80450247636664 ], [ 77.507993, 16.8044784 ], [ 77.507502914298357, 16.80450247636664 ], [ 77.507017548389925, 16.804574473597985 ], [ 77.506541576613728, 16.804693698321337 ], [ 77.506079582838169, 16.804859002337444 ], [ 77.505636016315876, 16.805068793678259 ], [ 77.505215148834907, 16.805321051938488 ], [ 77.504821033579177, 16.805613347733185 ], [ 77.504457466094067, 16.805942866094068 ], [ 77.504127947733181, 16.806306433579181 ], [ 77.503835651938488, 16.8067005488349 ], [ 77.503583393678255, 16.807121416315869 ], [ 77.503373602337447, 16.807564982838173 ], [ 77.50320829832134, 16.808026976613728 ], [ 77.503089073597977, 16.808502948389918 ], [ 77.503017076366632, 16.80898831429835 ], [ 77.502993, 16.8094784 ], [ 77.503017076366632, 16.809968485701649 ], [ 77.503089073597977, 16.810453851610081 ], [ 77.50320829832134, 16.810929823386271 ], [ 77.503373602337447, 16.811391817161827 ], [ 77.503544538714394, 16.81175323176533 ], [ 77.503264451610079, 16.811683073597983 ], [ 77.502779085701647, 16.811611076366638 ], [ 77.502289, 16.811587 ], [ 77.501798914298362, 16.811611076366638 ], [ 77.50131354838993, 16.811683073597983 ], [ 77.500837576613733, 16.811802298321336 ], [ 77.500375582838174, 16.811967602337443 ], [ 77.500115648661506, 16.812090542047063 ] ] ], [ [ [ 77.526054223386268, 16.820161098321336 ], [ 77.525578251610071, 16.820041873597983 ], [ 77.525092885701639, 16.819969876366638 ], [ 77.5246028, 16.8199458 ], [ 77.524112714298354, 16.819969876366638 ], [ 77.523627348389923, 16.820041873597983 ], [ 77.523151376613725, 16.820161098321336 ], [ 77.522689382838166, 16.820326402337443 ], [ 77.522245816315873, 16.820536193678258 ], [ 77.521824948834904, 16.820788451938487 ], [ 77.521430833579174, 16.821080747733184 ], [ 77.521067266094065, 16.821410266094066 ], [ 77.520737747733179, 16.821773833579179 ], [ 77.520445451938485, 16.822167948834899 ], [ 77.520193193678253, 16.822588816315868 ], [ 77.519983402337445, 16.823032382838171 ], [ 77.519818098321338, 16.823494376613727 ], [ 77.519789078265333, 16.823610231171507 ], [ 77.519388916315876, 16.823799493678258 ], [ 77.518968048834907, 16.824051751938487 ], [ 77.518573933579177, 16.824344047733184 ], [ 77.518210366094067, 16.824673566094067 ], [ 77.517880847733181, 16.82503713357918 ], [ 77.517588551938488, 16.825431248834899 ], [ 77.517336293678255, 16.825852116315868 ], [ 77.517126502337447, 16.826295682838172 ], [ 77.51696119832134, 16.826757676613727 ], [ 77.516841973597977, 16.827233648389917 ], [ 77.516769976366632, 16.827719014298349 ], [ 77.5167459, 16.8282091 ], [ 77.516769976366632, 16.828699185701648 ], [ 77.516841973597977, 16.82918455161008 ], [ 77.51696119832134, 16.82966052338627 ], [ 77.517126502337447, 16.830122517161826 ], [ 77.517336293678255, 16.830566083684129 ], [ 77.517588551938488, 16.830986951165098 ], [ 77.517880847733181, 16.831381066420818 ], [ 77.518210366094067, 16.831744633905931 ], [ 77.518573933579177, 16.832074152266813 ], [ 77.518968048834907, 16.83236644806151 ], [ 77.519388916315876, 16.832618706321739 ], [ 77.519832482838169, 16.832828497662554 ], [ 77.520294476613728, 16.832993801678661 ], [ 77.520770448389925, 16.833113026402014 ], [ 77.521255814298357, 16.833185023633359 ], [ 77.5217459, 16.8332091 ], [ 77.522235985701641, 16.833185023633359 ], [ 77.522721351610073, 16.833113026402014 ], [ 77.52319732338627, 16.832993801678661 ], [ 77.52365931716183, 16.832828497662554 ], [ 77.524102883684122, 16.832618706321739 ], [ 77.524523751165091, 16.83236644806151 ], [ 77.524917866420822, 16.832074152266813 ], [ 77.525281433905931, 16.831744633905931 ], [ 77.525610952266817, 16.831381066420818 ], [ 77.52590324806151, 16.830986951165098 ], [ 77.526155506321743, 16.830566083684129 ], [ 77.526365297662551, 16.830122517161826 ], [ 77.526530601678658, 16.82966052338627 ], [ 77.526559621734663, 16.82954466882849 ], [ 77.52695978368412, 16.829355406321739 ], [ 77.527380651165089, 16.82910314806151 ], [ 77.527774766420819, 16.828810852266813 ], [ 77.528138333905929, 16.82848133390593 ], [ 77.528467852266814, 16.828117766420817 ], [ 77.528760148061508, 16.827723651165098 ], [ 77.529012406321741, 16.827302783684129 ], [ 77.529222197662548, 16.826859217161825 ], [ 77.529387501678656, 16.82639722338627 ], [ 77.529506726402019, 16.82592125161008 ], [ 77.529578723633364, 16.825435885701648 ], [ 77.5296028, 16.8249458 ], [ 77.529578723633364, 16.824455714298349 ], [ 77.529506726402019, 16.823970348389917 ], [ 77.529387501678656, 16.823494376613727 ], [ 77.529222197662548, 16.823032382838171 ], [ 77.529012406321741, 16.822588816315868 ], [ 77.528760148061508, 16.822167948834899 ], [ 77.528467852266814, 16.821773833579179 ], [ 77.528138333905929, 16.821410266094066 ], [ 77.527774766420819, 16.821080747733184 ], [ 77.527380651165089, 16.820788451938487 ], [ 77.52695978368412, 16.820536193678258 ], [ 77.526516217161827, 16.820326402337443 ], [ 77.526054223386268, 16.820161098321336 ] ] ], [ [ [ 77.525541483684123, 16.849166793678261 ], [ 77.52509791716183, 16.848957002337446 ], [ 77.524635923386271, 16.848791698321339 ], [ 77.524159951610073, 16.848672473597986 ], [ 77.523674585701642, 16.848600476366641 ], [ 77.5231845, 16.8485764 ], [ 77.522694414298357, 16.848600476366641 ], [ 77.522209048389925, 16.848672473597986 ], [ 77.521733076613728, 16.848791698321339 ], [ 77.521271082838169, 16.848957002337446 ], [ 77.520827516315876, 16.849166793678261 ], [ 77.520406648834907, 16.84941905193849 ], [ 77.520012533579177, 16.849711347733187 ], [ 77.519648966094067, 16.850040866094069 ], [ 77.519319447733182, 16.850404433579182 ], [ 77.519027151938488, 16.850798548834902 ], [ 77.518774893678255, 16.851219416315871 ], [ 77.518565102337448, 16.851662982838175 ], [ 77.51839979832134, 16.85212497661373 ], [ 77.518280573597977, 16.85260094838992 ], [ 77.518208576366632, 16.853086314298352 ], [ 77.5181845, 16.8535764 ], [ 77.518208576366632, 16.854066485701651 ], [ 77.518280573597977, 16.854551851610083 ], [ 77.51839979832134, 16.855027823386273 ], [ 77.518565102337448, 16.855489817161828 ], [ 77.518774893678255, 16.855933383684132 ], [ 77.519027151938488, 16.856354251165101 ], [ 77.519319447733182, 16.85674836642082 ], [ 77.519648966094067, 16.857111933905934 ], [ 77.520012533579177, 16.857441452266816 ], [ 77.520406648834907, 16.857733748061513 ], [ 77.520827516315876, 16.857986006321742 ], [ 77.521271082838169, 16.858195797662557 ], [ 77.521733076613728, 16.858361101678664 ], [ 77.522209048389925, 16.858480326402017 ], [ 77.522694414298357, 16.858552323633361 ], [ 77.5231845, 16.8585764 ], [ 77.523674585701642, 16.858552323633361 ], [ 77.524159951610073, 16.858480326402017 ], [ 77.524635923386271, 16.858361101678664 ], [ 77.52509791716183, 16.858195797662557 ], [ 77.525541483684123, 16.857986006321742 ], [ 77.525962351165091, 16.857733748061513 ], [ 77.526356466420822, 16.857441452266816 ], [ 77.526720033905931, 16.857111933905934 ], [ 77.527049552266817, 16.85674836642082 ], [ 77.527341848061511, 16.856354251165101 ], [ 77.527594106321743, 16.855933383684132 ], [ 77.527803897662551, 16.855489817161828 ], [ 77.527969201678658, 16.855027823386273 ], [ 77.528088426402022, 16.854551851610083 ], [ 77.528160423633366, 16.854066485701651 ], [ 77.5281845, 16.8535764 ], [ 77.528160423633366, 16.853086314298352 ], [ 77.528088426402022, 16.85260094838992 ], [ 77.527969201678658, 16.85212497661373 ], [ 77.527803897662551, 16.851662982838175 ], [ 77.527594106321743, 16.851219416315871 ], [ 77.527341848061511, 16.850798548834902 ], [ 77.527049552266817, 16.850404433579182 ], [ 77.526720033905931, 16.850040866094069 ], [ 77.526356466420822, 16.849711347733187 ], [ 77.525962351165091, 16.84941905193849 ], [ 77.525541483684123, 16.849166793678261 ] ] ], [ [ [ 77.5592316, 16.5241656 ], [ 77.558741514298362, 16.524189676366639 ], [ 77.55825614838993, 16.524261673597984 ], [ 77.557780176613733, 16.524380898321336 ], [ 77.557318182838173, 16.524546202337444 ], [ 77.556874616315881, 16.524755993678259 ], [ 77.556453748834912, 16.525008251938488 ], [ 77.556059633579181, 16.525300547733185 ], [ 77.555696066094072, 16.525630066094067 ], [ 77.555366547733186, 16.52599363357918 ], [ 77.555074251938493, 16.5263877488349 ], [ 77.55482199367826, 16.526808616315869 ], [ 77.554612202337452, 16.527252182838172 ], [ 77.554446898321345, 16.527714176613728 ], [ 77.554327673597982, 16.528190148389918 ], [ 77.554255676366637, 16.528675514298349 ], [ 77.5542316, 16.5291656 ], [ 77.554255676366637, 16.529655685701648 ], [ 77.554327673597982, 16.53014105161008 ], [ 77.554446898321345, 16.53061702338627 ], [ 77.554612202337452, 16.531079017161826 ], [ 77.55482199367826, 16.531522583684129 ], [ 77.555074251938493, 16.531943451165098 ], [ 77.555366547733186, 16.532337566420818 ], [ 77.555696066094072, 16.532701133905931 ], [ 77.556059633579181, 16.533030652266813 ], [ 77.556453748834912, 16.53332294806151 ], [ 77.556874616315881, 16.533575206321739 ], [ 77.557170564367411, 16.533715179325611 ], [ 77.557366566094075, 16.533931433905931 ], [ 77.557730133579184, 16.534260952266813 ], [ 77.558124248834915, 16.53455324806151 ], [ 77.558545116315884, 16.534805506321739 ], [ 77.558988682838176, 16.535015297662554 ], [ 77.559450676613736, 16.535180601678661 ], [ 77.55989904213439, 16.535292911394979 ], [ 77.560139116315881, 16.535436806321741 ], [ 77.560582682838174, 16.535646597662556 ], [ 77.561044676613733, 16.535811901678663 ], [ 77.56152064838993, 16.535931126402016 ], [ 77.562006014298362, 16.53600312363336 ], [ 77.5624961, 16.5360272 ], [ 77.562986185701646, 16.53600312363336 ], [ 77.563471551610078, 16.535931126402016 ], [ 77.563947523386275, 16.535811901678663 ], [ 77.564409517161835, 16.535646597662556 ], [ 77.564853083684127, 16.535436806321741 ], [ 77.565273951165096, 16.535184548061512 ], [ 77.565668066420827, 16.534892252266815 ], [ 77.566031633905936, 16.534562733905933 ], [ 77.566361152266822, 16.534199166420819 ], [ 77.566653448061516, 16.5338050511651 ], [ 77.566905706321748, 16.533384183684131 ], [ 77.567115497662556, 16.532940617161827 ], [ 77.567280801678663, 16.532478623386272 ], [ 77.567400026402026, 16.532002651610082 ], [ 77.567472023633371, 16.53151728570165 ], [ 77.5674961, 16.5310272 ], [ 77.567472023633371, 16.530537114298351 ], [ 77.567400026402026, 16.530051748389919 ], [ 77.567280801678663, 16.529575776613729 ], [ 77.567115497662556, 16.529113782838174 ], [ 77.566905706321748, 16.52867021631587 ], [ 77.566653448061516, 16.528249348834901 ], [ 77.566361152266822, 16.527855233579182 ], [ 77.566031633905936, 16.527491666094068 ], [ 77.565668066420827, 16.527162147733186 ], [ 77.565273951165096, 16.526869851938489 ], [ 77.564853083684127, 16.52661759367826 ], [ 77.564409517161835, 16.526407802337445 ], [ 77.563947523386275, 16.526242498321338 ], [ 77.563499157865621, 16.52613018860502 ], [ 77.56325908368413, 16.525986293678258 ], [ 77.5629631356326, 16.525846320674386 ], [ 77.562767133905936, 16.525630066094067 ], [ 77.562403566420826, 16.525300547733185 ], [ 77.562009451165096, 16.525008251938488 ], [ 77.561588583684127, 16.524755993678259 ], [ 77.561145017161834, 16.524546202337444 ], [ 77.560683023386275, 16.524380898321336 ], [ 77.560207051610078, 16.524261673597984 ], [ 77.559721685701646, 16.524189676366639 ], [ 77.5592316, 16.5241656 ] ] ], [ [ [ 77.554359251165096, 16.554912251938489 ], [ 77.553938383684127, 16.554659993678261 ], [ 77.553494817161834, 16.554450202337446 ], [ 77.553032823386275, 16.554284898321338 ], [ 77.552556851610078, 16.554165673597986 ], [ 77.552071485701646, 16.554093676366641 ], [ 77.5515814, 16.5540696 ], [ 77.551091314298361, 16.554093676366641 ], [ 77.550605948389929, 16.554165673597986 ], [ 77.550129976613732, 16.554284898321338 ], [ 77.549667982838173, 16.554450202337446 ], [ 77.54922441631588, 16.554659993678261 ], [ 77.548803548834911, 16.554912251938489 ], [ 77.548409433579181, 16.555204547733187 ], [ 77.548045866094071, 16.555534066094069 ], [ 77.547716347733186, 16.555897633579182 ], [ 77.547424051938492, 16.556291748834902 ], [ 77.54717179367826, 16.55671261631587 ], [ 77.546962002337452, 16.557156182838174 ], [ 77.546796698321344, 16.55761817661373 ], [ 77.546677473597981, 16.55809414838992 ], [ 77.546605476366636, 16.558579514298351 ], [ 77.5465814, 16.5590696 ], [ 77.546605476366636, 16.55955968570165 ], [ 77.546677473597981, 16.560045051610082 ], [ 77.546796698321344, 16.560521023386272 ], [ 77.546962002337452, 16.560983017161828 ], [ 77.54717179367826, 16.561426583684131 ], [ 77.547424051938492, 16.5618474511651 ], [ 77.547716347733186, 16.56224156642082 ], [ 77.548045866094071, 16.562605133905933 ], [ 77.548409433579181, 16.562934652266815 ], [ 77.548803548834911, 16.563226948061512 ], [ 77.54922441631588, 16.563479206321741 ], [ 77.549667982838173, 16.563688997662556 ], [ 77.550129976613732, 16.563854301678663 ], [ 77.550605948389929, 16.563973526402016 ], [ 77.551091314298361, 16.564045523633361 ], [ 77.5515814, 16.5640696 ], [ 77.552071485701646, 16.564045523633361 ], [ 77.552556851610078, 16.563973526402016 ], [ 77.553032823386275, 16.563854301678663 ], [ 77.553494817161834, 16.563688997662556 ], [ 77.553938383684127, 16.563479206321741 ], [ 77.554359251165096, 16.563226948061512 ], [ 77.554753366420826, 16.562934652266815 ], [ 77.555116933905936, 16.562605133905933 ], [ 77.555446452266821, 16.56224156642082 ], [ 77.555738748061515, 16.5618474511651 ], [ 77.555991006321747, 16.561426583684131 ], [ 77.556200797662555, 16.560983017161828 ], [ 77.556366101678663, 16.560521023386272 ], [ 77.556485326402026, 16.560045051610082 ], [ 77.556557323633371, 16.55955968570165 ], [ 77.5565814, 16.5590696 ], [ 77.556557323633371, 16.558579514298351 ], [ 77.556485326402026, 16.55809414838992 ], [ 77.556366101678663, 16.55761817661373 ], [ 77.556200797662555, 16.557156182838174 ], [ 77.555991006321747, 16.55671261631587 ], [ 77.555738748061515, 16.556291748834902 ], [ 77.555446452266821, 16.555897633579182 ], [ 77.555116933905936, 16.555534066094069 ], [ 77.554753366420826, 16.555204547733187 ], [ 77.554359251165096, 16.554912251938489 ] ] ], [ [ [ 77.572972483684126, 16.634282093678259 ], [ 77.572528917161833, 16.634072302337444 ], [ 77.572066923386274, 16.633906998321336 ], [ 77.571590951610077, 16.633787773597984 ], [ 77.571105585701645, 16.633715776366639 ], [ 77.5706155, 16.6336917 ], [ 77.57012541429836, 16.633715776366639 ], [ 77.569640048389928, 16.633787773597984 ], [ 77.569164076613731, 16.633906998321336 ], [ 77.568702082838172, 16.634072302337444 ], [ 77.568258516315879, 16.634282093678259 ], [ 77.56783764883491, 16.634534351938488 ], [ 77.56744353357918, 16.634826647733185 ], [ 77.56707996609407, 16.635156166094067 ], [ 77.566750447733185, 16.63551973357918 ], [ 77.566458151938491, 16.6359138488349 ], [ 77.566205893678259, 16.636334716315869 ], [ 77.565996102337451, 16.636778282838172 ], [ 77.565830798321343, 16.637240276613728 ], [ 77.56571157359798, 16.637716248389918 ], [ 77.565639576366635, 16.63820161429835 ], [ 77.5656155, 16.6386917 ], [ 77.565639576366635, 16.639181785701648 ], [ 77.56571157359798, 16.63966715161008 ], [ 77.565830798321343, 16.64014312338627 ], [ 77.565996102337451, 16.640605117161826 ], [ 77.566205893678259, 16.641048683684129 ], [ 77.566458151938491, 16.641469551165098 ], [ 77.566750447733185, 16.641863666420818 ], [ 77.56707996609407, 16.642227233905931 ], [ 77.56744353357918, 16.642556752266813 ], [ 77.56783764883491, 16.64284904806151 ], [ 77.568258516315879, 16.643101306321739 ], [ 77.568702082838172, 16.643311097662554 ], [ 77.569164076613731, 16.643476401678662 ], [ 77.569640048389928, 16.643595626402014 ], [ 77.57012541429836, 16.643667623633359 ], [ 77.5706155, 16.6436917 ], [ 77.571105585701645, 16.643667623633359 ], [ 77.571590951610077, 16.643595626402014 ], [ 77.572066923386274, 16.643476401678662 ], [ 77.572528917161833, 16.643311097662554 ], [ 77.572972483684126, 16.643101306321739 ], [ 77.573393351165095, 16.64284904806151 ], [ 77.573787466420825, 16.642556752266813 ], [ 77.574151033905935, 16.642227233905931 ], [ 77.57448055226682, 16.641863666420818 ], [ 77.574772848061514, 16.641469551165098 ], [ 77.575025106321746, 16.641048683684129 ], [ 77.575234897662554, 16.640605117161826 ], [ 77.575400201678661, 16.64014312338627 ], [ 77.575519426402025, 16.63966715161008 ], [ 77.575591423633369, 16.639181785701648 ], [ 77.5756155, 16.6386917 ], [ 77.575591423633369, 16.63820161429835 ], [ 77.575519426402025, 16.637716248389918 ], [ 77.575400201678661, 16.637240276613728 ], [ 77.575234897662554, 16.636778282838172 ], [ 77.575025106321746, 16.636334716315869 ], [ 77.574772848061514, 16.6359138488349 ], [ 77.57448055226682, 16.63551973357918 ], [ 77.574151033905935, 16.635156166094067 ], [ 77.573787466420825, 16.634826647733185 ], [ 77.573393351165095, 16.634534351938488 ], [ 77.572972483684126, 16.634282093678259 ] ] ], [ [ [ 77.531654083684117, 16.64273529367826 ], [ 77.531210517161824, 16.642525502337445 ], [ 77.530748523386265, 16.642360198321338 ], [ 77.530272551610068, 16.642240973597985 ], [ 77.529787185701636, 16.642168976366641 ], [ 77.5292971, 16.6421449 ], [ 77.528807014298351, 16.642168976366641 ], [ 77.52832164838992, 16.642240973597985 ], [ 77.527845676613723, 16.642360198321338 ], [ 77.527383682838163, 16.642525502337445 ], [ 77.52694011631587, 16.64273529367826 ], [ 77.526519248834902, 16.642987551938489 ], [ 77.526125133579171, 16.643279847733186 ], [ 77.525761566094062, 16.643609366094068 ], [ 77.525432047733176, 16.643972933579182 ], [ 77.525139751938482, 16.644367048834901 ], [ 77.52488749367825, 16.64478791631587 ], [ 77.524677702337442, 16.645231482838174 ], [ 77.524512398321335, 16.645693476613729 ], [ 77.524393173597971, 16.646169448389919 ], [ 77.524321176366627, 16.646654814298351 ], [ 77.5242971, 16.6471449 ], [ 77.524321176366627, 16.64763498570165 ], [ 77.524393173597971, 16.648120351610082 ], [ 77.524512398321335, 16.648596323386272 ], [ 77.524677702337442, 16.649058317161828 ], [ 77.52488749367825, 16.649501883684131 ], [ 77.525139751938482, 16.6499227511651 ], [ 77.525432047733176, 16.65031686642082 ], [ 77.525761566094062, 16.650680433905933 ], [ 77.526125133579171, 16.651009952266815 ], [ 77.526519248834902, 16.651302248061512 ], [ 77.52694011631587, 16.651554506321741 ], [ 77.527383682838163, 16.651764297662556 ], [ 77.527845676613723, 16.651929601678663 ], [ 77.52832164838992, 16.652048826402016 ], [ 77.528807014298351, 16.652120823633361 ], [ 77.5292971, 16.6521449 ], [ 77.529787185701636, 16.652120823633361 ], [ 77.530272551610068, 16.652048826402016 ], [ 77.530748523386265, 16.651929601678663 ], [ 77.531210517161824, 16.651764297662556 ], [ 77.531654083684117, 16.651554506321741 ], [ 77.532074951165086, 16.651302248061512 ], [ 77.532469066420816, 16.651009952266815 ], [ 77.532832633905926, 16.650680433905933 ], [ 77.533162152266812, 16.65031686642082 ], [ 77.533454448061505, 16.6499227511651 ], [ 77.533706706321738, 16.649501883684131 ], [ 77.533916497662545, 16.649058317161828 ], [ 77.534081801678653, 16.648596323386272 ], [ 77.534201026402016, 16.648120351610082 ], [ 77.534273023633361, 16.64763498570165 ], [ 77.534297099999989, 16.6471449 ], [ 77.534273023633361, 16.646654814298351 ], [ 77.534201026402016, 16.646169448389919 ], [ 77.534081801678653, 16.645693476613729 ], [ 77.533916497662545, 16.645231482838174 ], [ 77.533706706321738, 16.64478791631587 ], [ 77.533454448061505, 16.644367048834901 ], [ 77.533162152266812, 16.643972933579182 ], [ 77.532832633905926, 16.643609366094068 ], [ 77.532469066420816, 16.643279847733186 ], [ 77.532074951165086, 16.642987551938489 ], [ 77.531654083684117, 16.64273529367826 ] ] ], [ [ [ 77.548930966094062, 16.654767166094068 ], [ 77.548601447733176, 16.655130733579181 ], [ 77.548309151938483, 16.655524848834901 ], [ 77.54805689367825, 16.65594571631587 ], [ 77.547847102337442, 16.656389282838173 ], [ 77.547681798321335, 16.656851276613729 ], [ 77.547562573597972, 16.657327248389919 ], [ 77.547490576366627, 16.657812614298351 ], [ 77.5474665, 16.6583027 ], [ 77.547490576366627, 16.65879278570165 ], [ 77.547562573597972, 16.659278151610081 ], [ 77.547681798321335, 16.659754123386271 ], [ 77.547847102337442, 16.660216117161827 ], [ 77.54805689367825, 16.660659683684131 ], [ 77.548309151938483, 16.661080551165099 ], [ 77.548601447733176, 16.661474666420819 ], [ 77.548930966094062, 16.661838233905932 ], [ 77.549294533579172, 16.662167752266814 ], [ 77.549688648834902, 16.662460048061511 ], [ 77.550109516315871, 16.66271230632174 ], [ 77.550553082838164, 16.662922097662555 ], [ 77.551015076613723, 16.663087401678663 ], [ 77.55149104838992, 16.663206626402015 ], [ 77.551976414298352, 16.66327862363336 ], [ 77.5524665, 16.6633027 ], [ 77.552956585701637, 16.66327862363336 ], [ 77.552999833635113, 16.66327220840844 ], [ 77.553080548389929, 16.663292426402016 ], [ 77.55356591429836, 16.663364423633361 ], [ 77.554056, 16.6633885 ], [ 77.554546085701645, 16.663364423633361 ], [ 77.555031451610077, 16.663292426402016 ], [ 77.555507423386274, 16.663173201678664 ], [ 77.555969417161833, 16.663007897662556 ], [ 77.556412983684126, 16.662798106321741 ], [ 77.556833851165095, 16.662545848061512 ], [ 77.557227966420825, 16.662253552266815 ], [ 77.557591533905935, 16.661924033905933 ], [ 77.557921052266821, 16.66156046642082 ], [ 77.558213348061514, 16.6611663511651 ], [ 77.558465606321747, 16.660745483684131 ], [ 77.558675397662554, 16.660301917161828 ], [ 77.558840701678662, 16.659839923386272 ], [ 77.558959926402025, 16.659363951610082 ], [ 77.55903192363337, 16.65887858570165 ], [ 77.559056, 16.6583885 ], [ 77.55903192363337, 16.657898414298351 ], [ 77.558959926402025, 16.65741304838992 ], [ 77.558840701678662, 16.65693707661373 ], [ 77.558675397662554, 16.656475082838174 ], [ 77.558465606321747, 16.656031516315871 ], [ 77.558213348061514, 16.655610648834902 ], [ 77.557921052266821, 16.655216533579182 ], [ 77.557591533905935, 16.654852966094069 ], [ 77.557227966420825, 16.654523447733187 ], [ 77.556833851165095, 16.65423115193849 ], [ 77.556412983684126, 16.653978893678261 ], [ 77.555969417161833, 16.653769102337446 ], [ 77.555507423386274, 16.653603798321338 ], [ 77.555031451610077, 16.653484573597986 ], [ 77.554546085701645, 16.653412576366641 ], [ 77.554056, 16.6533885 ], [ 77.55356591429836, 16.653412576366641 ], [ 77.553522666364884, 16.653418991591561 ], [ 77.553441951610068, 16.653398773597985 ], [ 77.552956585701637, 16.65332677636664 ], [ 77.5524665, 16.6533027 ], [ 77.551976414298352, 16.65332677636664 ], [ 77.55149104838992, 16.653398773597985 ], [ 77.551015076613723, 16.653517998321338 ], [ 77.550553082838164, 16.653683302337445 ], [ 77.550109516315871, 16.65389309367826 ], [ 77.549688648834902, 16.654145351938489 ], [ 77.549294533579172, 16.654437647733186 ], [ 77.548930966094062, 16.654767166094068 ] ] ], [ [ [ 77.5396267, 16.7169985 ], [ 77.539136614298357, 16.717022576366642 ], [ 77.538651248389925, 16.717094573597986 ], [ 77.538175276613728, 16.717213798321339 ], [ 77.537713282838169, 16.717379102337446 ], [ 77.537269716315876, 16.717588893678261 ], [ 77.536848848834907, 16.71784115193849 ], [ 77.536454733579177, 16.718133447733187 ], [ 77.536091166094067, 16.718462966094069 ], [ 77.535761647733182, 16.718826533579183 ], [ 77.535469351938488, 16.719220648834902 ], [ 77.535217093678256, 16.719641516315871 ], [ 77.535007302337448, 16.720085082838175 ], [ 77.53484199832134, 16.72054707661373 ], [ 77.534722773597977, 16.72102304838992 ], [ 77.534650776366632, 16.721508414298352 ], [ 77.5346267, 16.7219985 ], [ 77.534630499603281, 16.722075842701557 ], [ 77.53461467636663, 16.72218251429835 ], [ 77.5345906, 16.7226726 ], [ 77.53461467636663, 16.723162685701649 ], [ 77.534686673597975, 16.723648051610081 ], [ 77.534805898321338, 16.72412402338627 ], [ 77.534971202337445, 16.724586017161826 ], [ 77.535180993678253, 16.72502958368413 ], [ 77.535433251938485, 16.725450451165099 ], [ 77.535725547733179, 16.725844566420818 ], [ 77.536055066094065, 16.726208133905931 ], [ 77.536418633579174, 16.726537652266813 ], [ 77.536812748834905, 16.726829948061511 ], [ 77.53690118055188, 16.72688295199287 ], [ 77.536978298321344, 16.72719082338627 ], [ 77.537143602337451, 16.727652817161825 ], [ 77.537353393678259, 16.728096383684129 ], [ 77.537605651938492, 16.728517251165098 ], [ 77.537897947733185, 16.728911366420817 ], [ 77.538227466094071, 16.729274933905931 ], [ 77.538591033579181, 16.729604452266813 ], [ 77.538985148834911, 16.72989674806151 ], [ 77.53940601631588, 16.730149006321739 ], [ 77.539849582838173, 16.730358797662554 ], [ 77.540311576613732, 16.730524101678661 ], [ 77.540787548389929, 16.730643326402014 ], [ 77.541272914298361, 16.730715323633358 ], [ 77.541763, 16.7307394 ], [ 77.542253085701645, 16.730715323633358 ], [ 77.542738451610077, 16.730643326402014 ], [ 77.543214423386274, 16.730524101678661 ], [ 77.543676417161834, 16.730358797662554 ], [ 77.544119983684126, 16.730149006321739 ], [ 77.544540851165095, 16.72989674806151 ], [ 77.544934966420826, 16.729604452266813 ], [ 77.545298533905935, 16.729274933905931 ], [ 77.545628052266821, 16.728911366420817 ], [ 77.545920348061514, 16.728517251165098 ], [ 77.545979856405111, 16.728417967491914 ], [ 77.546052933905926, 16.728351733905932 ], [ 77.546382452266812, 16.727988166420818 ], [ 77.546674748061506, 16.727594051165099 ], [ 77.546927006321738, 16.72717318368413 ], [ 77.547136797662546, 16.726729617161826 ], [ 77.547302101678653, 16.726267623386271 ], [ 77.547421326402016, 16.725791651610081 ], [ 77.547493323633361, 16.725306285701649 ], [ 77.5475174, 16.7248162 ], [ 77.547493323633361, 16.72432611429835 ], [ 77.547421326402016, 16.723840748389918 ], [ 77.547302101678653, 16.723364776613728 ], [ 77.547136797662546, 16.722902782838172 ], [ 77.546927006321738, 16.722459216315869 ], [ 77.546674748061506, 16.7220383488349 ], [ 77.546382452266812, 16.72164423357918 ], [ 77.546052933905926, 16.721280666094067 ], [ 77.545945419746289, 16.721183220939846 ], [ 77.545805897662547, 16.720793282838173 ], [ 77.545596106321739, 16.720349716315869 ], [ 77.545343848061506, 16.7199288488349 ], [ 77.545051552266813, 16.719534733579181 ], [ 77.544722033905927, 16.719171166094068 ], [ 77.544358466420817, 16.718841647733186 ], [ 77.543964351165087, 16.718549351938488 ], [ 77.543543483684118, 16.71829709367826 ], [ 77.543099917161825, 16.718087302337445 ], [ 77.542637923386266, 16.717921998321337 ], [ 77.542450136149824, 16.71787496006732 ], [ 77.542404551165092, 16.71784115193849 ], [ 77.541983683684123, 16.717588893678261 ], [ 77.54154011716183, 16.717379102337446 ], [ 77.541078123386271, 16.717213798321339 ], [ 77.540602151610074, 16.717094573597986 ], [ 77.540116785701642, 16.717022576366642 ], [ 77.5396267, 16.7169985 ] ] ], [ [ [ 77.603213214298364, 16.749851876366641 ], [ 77.602727848389932, 16.749923873597986 ], [ 77.602251876613735, 16.750043098321338 ], [ 77.601789882838176, 16.750208402337446 ], [ 77.601346316315883, 16.750418193678261 ], [ 77.600925448834914, 16.75067045193849 ], [ 77.600531333579184, 16.750962747733187 ], [ 77.600167766094074, 16.751292266094069 ], [ 77.599838247733189, 16.751655833579182 ], [ 77.599545951938495, 16.752049948834902 ], [ 77.599293693678263, 16.752470816315871 ], [ 77.599083902337455, 16.752914382838174 ], [ 77.598918598321347, 16.75337637661373 ], [ 77.598799373597984, 16.75385234838992 ], [ 77.598727376366639, 16.754337714298352 ], [ 77.598703300000011, 16.7548278 ], [ 77.598727376366639, 16.75531788570165 ], [ 77.598799373597984, 16.755803251610082 ], [ 77.598918598321347, 16.756279223386272 ], [ 77.599083902337455, 16.756741217161828 ], [ 77.599293693678263, 16.757184783684131 ], [ 77.599545951938495, 16.7576056511651 ], [ 77.599838247733189, 16.75799976642082 ], [ 77.600167766094074, 16.758363333905933 ], [ 77.600531333579184, 16.758692852266815 ], [ 77.6007313894373, 16.75884122380327 ], [ 77.60055920233745, 16.759205282838174 ], [ 77.600393898321343, 16.75966727661373 ], [ 77.60027467359798, 16.76014324838992 ], [ 77.600202676366635, 16.760628614298351 ], [ 77.6001786, 16.7611187 ], [ 77.600202676366635, 16.76160878570165 ], [ 77.60027467359798, 16.762094151610082 ], [ 77.600393898321343, 16.762570123386272 ], [ 77.60055920233745, 16.763032117161828 ], [ 77.600768993678258, 16.763475683684131 ], [ 77.601021251938491, 16.7638965511651 ], [ 77.601313547733184, 16.76429066642082 ], [ 77.60164306609407, 16.764654233905933 ], [ 77.60200663357918, 16.764983752266815 ], [ 77.60240074883491, 16.765276048061512 ], [ 77.602821616315879, 16.765528306321741 ], [ 77.603265182838172, 16.765738097662556 ], [ 77.603727176613731, 16.765903401678663 ], [ 77.604203148389928, 16.766022626402016 ], [ 77.60468851429836, 16.766094623633361 ], [ 77.6051786, 16.7661187 ], [ 77.605668685701644, 16.766094623633361 ], [ 77.606154051610076, 16.766022626402016 ], [ 77.606630023386273, 16.765903401678663 ], [ 77.607092017161833, 16.765738097662556 ], [ 77.607535583684125, 16.765528306321741 ], [ 77.607956451165094, 16.765276048061512 ], [ 77.608350566420825, 16.764983752266815 ], [ 77.608714133905934, 16.764654233905933 ], [ 77.60904365226682, 16.76429066642082 ], [ 77.609335948061513, 16.7638965511651 ], [ 77.609588206321746, 16.763475683684131 ], [ 77.609797997662554, 16.763032117161828 ], [ 77.609963301678661, 16.762570123386272 ], [ 77.610082526402024, 16.762094151610082 ], [ 77.610154523633369, 16.76160878570165 ], [ 77.6101786, 16.7611187 ], [ 77.610178245444118, 16.76111148284933 ], [ 77.610316151610078, 16.761091026402013 ], [ 77.610792123386275, 16.760971801678661 ], [ 77.611254117161835, 16.760806497662553 ], [ 77.611697683684127, 16.760596706321738 ], [ 77.612118551165096, 16.76034444806151 ], [ 77.612512666420827, 16.760052152266812 ], [ 77.612876233905936, 16.75972263390593 ], [ 77.613205752266822, 16.759359066420817 ], [ 77.613498048061516, 16.758964951165098 ], [ 77.613750306321748, 16.758544083684129 ], [ 77.613960097662556, 16.758100517161825 ], [ 77.614125401678663, 16.757638523386269 ], [ 77.614244626402026, 16.75716255161008 ], [ 77.614316623633371, 16.756677185701648 ], [ 77.6143407, 16.7561871 ], [ 77.614316623633371, 16.755697014298349 ], [ 77.614244626402026, 16.755211648389917 ], [ 77.614125401678663, 16.754735676613727 ], [ 77.613960097662556, 16.754273682838171 ], [ 77.613750306321748, 16.753830116315868 ], [ 77.613498048061516, 16.753409248834899 ], [ 77.613205752266822, 16.753015133579179 ], [ 77.612876233905936, 16.752651566094066 ], [ 77.612512666420827, 16.752322047733184 ], [ 77.612118551165096, 16.752029751938487 ], [ 77.611697683684127, 16.751777493678258 ], [ 77.611254117161835, 16.751567702337443 ], [ 77.610792123386275, 16.751402398321336 ], [ 77.610316151610078, 16.751283173597983 ], [ 77.609830785701647, 16.751211176366638 ], [ 77.6093407, 16.7511871 ], [ 77.608850614298362, 16.751211176366638 ], [ 77.60836524838993, 16.751283173597983 ], [ 77.607889276613733, 16.751402398321336 ], [ 77.607473489968484, 16.751551169161853 ], [ 77.607238833905939, 16.751292266094069 ], [ 77.606875266420829, 16.750962747733187 ], [ 77.606481151165099, 16.75067045193849 ], [ 77.60606028368413, 16.750418193678261 ], [ 77.605616717161837, 16.750208402337446 ], [ 77.605154723386278, 16.750043098321338 ], [ 77.604678751610081, 16.749923873597986 ], [ 77.604193385701649, 16.749851876366641 ], [ 77.6037033, 16.7498278 ], [ 77.603213214298364, 16.749851876366641 ] ] ], [ [ [ 77.5369533, 16.754714 ], [ 77.536463214298351, 16.754738076366639 ], [ 77.535977848389919, 16.754810073597984 ], [ 77.535501876613722, 16.754929298321336 ], [ 77.535039882838163, 16.755094602337444 ], [ 77.53459631631587, 16.755304393678259 ], [ 77.534175448834901, 16.755556651938488 ], [ 77.533781333579171, 16.755848947733185 ], [ 77.533417766094061, 16.756178466094067 ], [ 77.533088247733176, 16.75654203357918 ], [ 77.532795951938482, 16.7569361488349 ], [ 77.532543693678249, 16.757357016315868 ], [ 77.532333902337442, 16.757800582838172 ], [ 77.532168598321334, 16.758262576613728 ], [ 77.532049373597971, 16.758738548389918 ], [ 77.531977376366626, 16.759223914298349 ], [ 77.5319533, 16.759714 ], [ 77.531977376366626, 16.760204085701648 ], [ 77.532049373597971, 16.76068945161008 ], [ 77.532168598321334, 16.76116542338627 ], [ 77.532333902337442, 16.761627417161826 ], [ 77.532543693678249, 16.762070983684129 ], [ 77.532795951938482, 16.762491851165098 ], [ 77.533088247733176, 16.762885966420818 ], [ 77.533417766094061, 16.763249533905931 ], [ 77.533781333579171, 16.763579052266813 ], [ 77.534175448834901, 16.76387134806151 ], [ 77.53459631631587, 16.764123606321739 ], [ 77.535039882838163, 16.764333397662554 ], [ 77.535501876613722, 16.764498701678662 ], [ 77.535977848389919, 16.764617926402014 ], [ 77.536463214298351, 16.764689923633359 ], [ 77.5369533, 16.764714 ], [ 77.537443385701636, 16.764689923633359 ], [ 77.537928751610067, 16.764617926402014 ], [ 77.538404723386265, 16.764498701678662 ], [ 77.538866717161824, 16.764333397662554 ], [ 77.539310283684117, 16.764123606321739 ], [ 77.539731151165086, 16.76387134806151 ], [ 77.540125266420816, 16.763579052266813 ], [ 77.540488833905926, 16.763249533905931 ], [ 77.540818352266811, 16.762885966420818 ], [ 77.541110648061505, 16.762491851165098 ], [ 77.541362906321737, 16.762070983684129 ], [ 77.541572697662545, 16.761627417161826 ], [ 77.541738001678652, 16.76116542338627 ], [ 77.541857226402016, 16.76068945161008 ], [ 77.54192922363336, 16.760204085701648 ], [ 77.541953299999989, 16.759714 ], [ 77.54192922363336, 16.759223914298349 ], [ 77.541857226402016, 16.758738548389918 ], [ 77.541738001678652, 16.758262576613728 ], [ 77.541572697662545, 16.757800582838172 ], [ 77.541362906321737, 16.757357016315868 ], [ 77.541110648061505, 16.7569361488349 ], [ 77.540818352266811, 16.75654203357918 ], [ 77.540488833905926, 16.756178466094067 ], [ 77.540125266420816, 16.755848947733185 ], [ 77.539731151165086, 16.755556651938488 ], [ 77.539310283684117, 16.755304393678259 ], [ 77.538866717161824, 16.755094602337444 ], [ 77.538404723386265, 16.754929298321336 ], [ 77.537928751610067, 16.754810073597984 ], [ 77.537443385701636, 16.754738076366639 ], [ 77.5369533, 16.754714 ] ] ], [ [ [ 77.594543317161836, 16.756526002337445 ], [ 77.594081323386277, 16.756360698321338 ], [ 77.59360535161008, 16.756241473597985 ], [ 77.593119985701648, 16.75616947636664 ], [ 77.5926299, 16.7561454 ], [ 77.592139814298363, 16.75616947636664 ], [ 77.591654448389932, 16.756241473597985 ], [ 77.591178476613734, 16.756360698321338 ], [ 77.590716482838175, 16.756526002337445 ], [ 77.590272916315882, 16.75673579367826 ], [ 77.589852048834913, 16.756988051938489 ], [ 77.589457933579183, 16.757280347733186 ], [ 77.589094366094074, 16.757609866094068 ], [ 77.588764847733188, 16.757973433579181 ], [ 77.588472551938494, 16.758367548834901 ], [ 77.588220293678262, 16.75878841631587 ], [ 77.588010502337454, 16.759231982838173 ], [ 77.587845198321347, 16.759693976613729 ], [ 77.587725973597983, 16.760169948389919 ], [ 77.587653976366639, 16.760655314298351 ], [ 77.58762990000001, 16.7611454 ], [ 77.587653976366639, 16.76163548570165 ], [ 77.587725973597983, 16.762120851610081 ], [ 77.587845198321347, 16.762596823386271 ], [ 77.588010502337454, 16.763058817161827 ], [ 77.588220293678262, 16.763502383684131 ], [ 77.588392566705949, 16.763789803866658 ], [ 77.588444898321342, 16.763998723386273 ], [ 77.588610202337449, 16.764460717161828 ], [ 77.588819993678257, 16.764904283684132 ], [ 77.589072251938489, 16.765325151165101 ], [ 77.589364547733183, 16.76571926642082 ], [ 77.589694066094069, 16.766082833905934 ], [ 77.590057633579178, 16.766412352266816 ], [ 77.590451748834909, 16.766704648061513 ], [ 77.590872616315878, 16.766956906321742 ], [ 77.59131618283817, 16.767166697662557 ], [ 77.59177817661373, 16.767332001678664 ], [ 77.592254148389927, 16.767451226402017 ], [ 77.592739514298358, 16.767523223633361 ], [ 77.5932296, 16.7675473 ], [ 77.593719685701643, 16.767523223633361 ], [ 77.594205051610075, 16.767451226402017 ], [ 77.594681023386272, 16.767332001678664 ], [ 77.595143017161831, 16.767166697662557 ], [ 77.595586583684124, 16.766956906321742 ], [ 77.596007451165093, 16.766704648061513 ], [ 77.596401566420823, 16.766412352266816 ], [ 77.596765133905933, 16.766082833905934 ], [ 77.597094652266819, 16.76571926642082 ], [ 77.597386948061512, 16.765325151165101 ], [ 77.597639206321745, 16.764904283684132 ], [ 77.597848997662553, 16.764460717161828 ], [ 77.59801430167866, 16.763998723386273 ], [ 77.598133526402023, 16.763522751610083 ], [ 77.598205523633368, 16.763037385701651 ], [ 77.5982296, 16.7625473 ], [ 77.598205523633368, 16.762057214298352 ], [ 77.598133526402023, 16.76157184838992 ], [ 77.59801430167866, 16.76109587661373 ], [ 77.597848997662553, 16.760633882838174 ], [ 77.597639206321745, 16.760190316315871 ], [ 77.597466933294058, 16.759902896133344 ], [ 77.597414601678665, 16.759693976613729 ], [ 77.597249297662557, 16.759231982838173 ], [ 77.59703950632175, 16.75878841631587 ], [ 77.596787248061517, 16.758367548834901 ], [ 77.596494952266823, 16.757973433579181 ], [ 77.596165433905938, 16.757609866094068 ], [ 77.595801866420828, 16.757280347733186 ], [ 77.595407751165098, 16.756988051938489 ], [ 77.594986883684129, 16.75673579367826 ], [ 77.594543317161836, 16.756526002337445 ] ] ], [ [ [ 77.584624417161834, 16.820058502337446 ], [ 77.584162423386275, 16.819893198321338 ], [ 77.583686451610077, 16.819773973597986 ], [ 77.583201085701646, 16.819701976366641 ], [ 77.582711, 16.8196779 ], [ 77.582220914298361, 16.819701976366641 ], [ 77.581735548389929, 16.819773973597986 ], [ 77.581259576613732, 16.819893198321338 ], [ 77.580797582838173, 16.820058502337446 ], [ 77.58035401631588, 16.820268293678261 ], [ 77.579933148834911, 16.82052055193849 ], [ 77.579539033579181, 16.820812847733187 ], [ 77.579175466094071, 16.821142366094069 ], [ 77.578845947733186, 16.821505933579182 ], [ 77.578553651938492, 16.821900048834902 ], [ 77.57830139367826, 16.822320916315871 ], [ 77.578091602337452, 16.822764482838174 ], [ 77.577926298321344, 16.82322647661373 ], [ 77.577807073597981, 16.82370244838992 ], [ 77.577735076366636, 16.824187814298352 ], [ 77.577711, 16.8246779 ], [ 77.577735076366636, 16.825167985701651 ], [ 77.577807073597981, 16.825653351610082 ], [ 77.577926298321344, 16.826129323386272 ], [ 77.578091602337452, 16.826591317161828 ], [ 77.57830139367826, 16.827034883684131 ], [ 77.578553651938492, 16.8274557511651 ], [ 77.578845947733186, 16.82784986642082 ], [ 77.579175466094071, 16.828213433905933 ], [ 77.579539033579181, 16.828542952266815 ], [ 77.579933148834911, 16.828835248061512 ], [ 77.58035401631588, 16.829087506321741 ], [ 77.580797582838173, 16.829297297662556 ], [ 77.581259576613732, 16.829462601678664 ], [ 77.581735548389929, 16.829581826402016 ], [ 77.582220914298361, 16.829653823633361 ], [ 77.582711, 16.8296779 ], [ 77.583201085701646, 16.829653823633361 ], [ 77.583686451610077, 16.829581826402016 ], [ 77.584162423386275, 16.829462601678664 ], [ 77.584624417161834, 16.829297297662556 ], [ 77.585067983684127, 16.829087506321741 ], [ 77.585488851165096, 16.828835248061512 ], [ 77.585882966420826, 16.828542952266815 ], [ 77.586246533905936, 16.828213433905933 ], [ 77.586576052266821, 16.82784986642082 ], [ 77.586868348061515, 16.8274557511651 ], [ 77.587120606321747, 16.827034883684131 ], [ 77.587330397662555, 16.826591317161828 ], [ 77.587495701678662, 16.826129323386272 ], [ 77.587614926402026, 16.825653351610082 ], [ 77.58768692363337, 16.825167985701651 ], [ 77.587711, 16.8246779 ], [ 77.58768692363337, 16.824187814298352 ], [ 77.587614926402026, 16.82370244838992 ], [ 77.587495701678662, 16.82322647661373 ], [ 77.587330397662555, 16.822764482838174 ], [ 77.587120606321747, 16.822320916315871 ], [ 77.586868348061515, 16.821900048834902 ], [ 77.586576052266821, 16.821505933579182 ], [ 77.586246533905936, 16.821142366094069 ], [ 77.585882966420826, 16.820812847733187 ], [ 77.585488851165096, 16.82052055193849 ], [ 77.585067983684127, 16.820268293678261 ], [ 77.584624417161834, 16.820058502337446 ] ] ], [ [ [ 77.529631466094074, 16.831361466094069 ], [ 77.529301947733188, 16.831725033579183 ], [ 77.529009651938495, 16.832119148834902 ], [ 77.528757393678262, 16.832540016315871 ], [ 77.528547602337454, 16.832983582838175 ], [ 77.528382298321347, 16.83344557661373 ], [ 77.528263073597984, 16.83392154838992 ], [ 77.528191076366639, 16.834406914298352 ], [ 77.528167, 16.834897 ], [ 77.528191076366639, 16.835387085701651 ], [ 77.528263073597984, 16.835872451610083 ], [ 77.528382298321347, 16.836348423386273 ], [ 77.528547602337454, 16.836810417161828 ], [ 77.528757393678262, 16.837253983684132 ], [ 77.528838289912642, 16.83738895089731 ], [ 77.52884477636664, 16.837520985701648 ], [ 77.528916773597985, 16.83800635161008 ], [ 77.529035998321348, 16.83848232338627 ], [ 77.529201302337455, 16.838944317161825 ], [ 77.529411093678263, 16.839387883684129 ], [ 77.529663351938495, 16.839808751165098 ], [ 77.529955647733189, 16.840202866420817 ], [ 77.530285166094075, 16.840566433905931 ], [ 77.530648733579184, 16.840895952266813 ], [ 77.531042848834915, 16.84118824806151 ], [ 77.531463716315884, 16.841440506321739 ], [ 77.531907282838176, 16.841650297662554 ], [ 77.532369276613736, 16.841815601678661 ], [ 77.532845248389933, 16.841934826402014 ], [ 77.533330614298364, 16.842006823633358 ], [ 77.5338207, 16.8420309 ], [ 77.533954630888644, 16.842024320397353 ], [ 77.534000233579178, 16.842065652266815 ], [ 77.534394348834908, 16.842357948061512 ], [ 77.534815216315877, 16.842610206321741 ], [ 77.53525878283817, 16.842819997662556 ], [ 77.535720776613729, 16.842985301678663 ], [ 77.536196748389926, 16.843104526402016 ], [ 77.536682114298358, 16.84317652363336 ], [ 77.5371722, 16.8432006 ], [ 77.537662285701643, 16.84317652363336 ], [ 77.538147651610075, 16.843104526402016 ], [ 77.538623623386272, 16.842985301678663 ], [ 77.539085617161831, 16.842819997662556 ], [ 77.539529183684124, 16.842610206321741 ], [ 77.539950051165093, 16.842357948061512 ], [ 77.540344166420823, 16.842065652266815 ], [ 77.540707733905933, 16.841736133905933 ], [ 77.541037252266818, 16.841372566420819 ], [ 77.541329548061512, 16.8409784511651 ], [ 77.541581806321744, 16.840557583684131 ], [ 77.541791597662552, 16.840114017161827 ], [ 77.54195690167866, 16.839652023386272 ], [ 77.542076126402023, 16.839176051610082 ], [ 77.542148123633368, 16.83869068570165 ], [ 77.5421722, 16.8382006 ], [ 77.542148123633368, 16.837710514298351 ], [ 77.542076126402023, 16.837225148389919 ], [ 77.54195690167866, 16.836749176613729 ], [ 77.541791597662552, 16.836287182838173 ], [ 77.541581806321744, 16.83584361631587 ], [ 77.541329548061512, 16.835422748834901 ], [ 77.541037252266818, 16.835028633579181 ], [ 77.540720837885303, 16.834679524107312 ], [ 77.540682601678654, 16.834526876613729 ], [ 77.540517297662547, 16.834064882838174 ], [ 77.540508202012873, 16.834045651702706 ], [ 77.540501526402025, 16.834000648389917 ], [ 77.540382301678662, 16.833524676613727 ], [ 77.540216997662554, 16.833062682838172 ], [ 77.540007206321746, 16.832619116315868 ], [ 77.539754948061514, 16.832198248834899 ], [ 77.53946265226682, 16.83180413357918 ], [ 77.539133133905935, 16.831440566094066 ], [ 77.538769566420825, 16.831111047733184 ], [ 77.538375451165095, 16.830818751938487 ], [ 77.537954583684126, 16.830566493678258 ], [ 77.537511017161833, 16.830356702337443 ], [ 77.537049023386274, 16.830191398321336 ], [ 77.536573051610077, 16.830072173597983 ], [ 77.536087685701645, 16.830000176366639 ], [ 77.5355976, 16.8299761 ], [ 77.53510751429836, 16.830000176366639 ], [ 77.534622148389928, 16.830072173597983 ], [ 77.534540192450649, 16.830092702492081 ], [ 77.53414245161008, 16.829993073597986 ], [ 77.533657085701648, 16.829921076366642 ], [ 77.533167, 16.829897 ], [ 77.532676914298364, 16.829921076366642 ], [ 77.532191548389932, 16.829993073597986 ], [ 77.531715576613735, 16.830112298321339 ], [ 77.531253582838175, 16.830277602337446 ], [ 77.530810016315883, 16.830487393678261 ], [ 77.530389148834914, 16.83073965193849 ], [ 77.529995033579183, 16.831031947733187 ], [ 77.529631466094074, 16.831361466094069 ] ] ], [ [ [ 77.579662051610072, 16.836663773597984 ], [ 77.57917668570164, 16.836591776366639 ], [ 77.5786866, 16.8365677 ], [ 77.578196514298355, 16.836591776366639 ], [ 77.577711148389923, 16.836663773597984 ], [ 77.577235176613726, 16.836782998321336 ], [ 77.576773182838167, 16.836948302337444 ], [ 77.576329616315874, 16.837158093678259 ], [ 77.575908748834905, 16.837410351938487 ], [ 77.575514633579175, 16.837702647733185 ], [ 77.575151066094065, 16.838032166094067 ], [ 77.57482154773318, 16.83839573357918 ], [ 77.574529251938486, 16.838789848834899 ], [ 77.574276993678254, 16.839210716315868 ], [ 77.574067202337446, 16.839654282838172 ], [ 77.573901898321338, 16.840116276613728 ], [ 77.573782673597975, 16.840592248389918 ], [ 77.57371067636663, 16.841077614298349 ], [ 77.5736866, 16.8415677 ], [ 77.57371067636663, 16.842057785701648 ], [ 77.573768785220395, 16.842449523773638 ], [ 77.57333821429836, 16.842470676366641 ], [ 77.572852848389928, 16.842542673597986 ], [ 77.572376876613731, 16.842661898321339 ], [ 77.571914882838172, 16.842827202337446 ], [ 77.571471316315879, 16.843036993678261 ], [ 77.57105044883491, 16.84328925193849 ], [ 77.57065633357918, 16.843581547733187 ], [ 77.57029276609407, 16.843911066094069 ], [ 77.569963247733185, 16.844274633579182 ], [ 77.569670951938491, 16.844668748834902 ], [ 77.569418693678259, 16.845089616315871 ], [ 77.569208902337451, 16.845533182838174 ], [ 77.569043598321343, 16.84599517661373 ], [ 77.56892437359798, 16.84647114838992 ], [ 77.568852376366635, 16.846956514298352 ], [ 77.5688283, 16.8474466 ], [ 77.568852376366635, 16.847936685701651 ], [ 77.56892437359798, 16.848422051610083 ], [ 77.569043598321343, 16.848898023386273 ], [ 77.569208902337451, 16.849360017161828 ], [ 77.569418693678259, 16.849803583684132 ], [ 77.569670951938491, 16.850224451165101 ], [ 77.569963247733185, 16.85061856642082 ], [ 77.57029276609407, 16.850982133905934 ], [ 77.57065633357918, 16.851311652266816 ], [ 77.57105044883491, 16.851603948061513 ], [ 77.571471316315879, 16.851856206321742 ], [ 77.571914882838172, 16.852065997662557 ], [ 77.572376876613731, 16.852231301678664 ], [ 77.572852848389928, 16.852350526402017 ], [ 77.57333821429836, 16.852422523633361 ], [ 77.5738283, 16.8524466 ], [ 77.574318385701645, 16.852422523633361 ], [ 77.574803751610077, 16.852350526402017 ], [ 77.575279723386274, 16.852231301678664 ], [ 77.575741717161833, 16.852065997662557 ], [ 77.576185283684126, 16.851856206321742 ], [ 77.576606151165095, 16.851603948061513 ], [ 77.577000266420825, 16.851311652266816 ], [ 77.577363833905935, 16.850982133905934 ], [ 77.57769335226682, 16.85061856642082 ], [ 77.577843921567748, 16.850415547220347 ], [ 77.578115748834904, 16.850617148061513 ], [ 77.578536616315873, 16.850869406321742 ], [ 77.578980182838166, 16.851079197662557 ], [ 77.579442176613725, 16.851244501678664 ], [ 77.579918148389922, 16.851363726402017 ], [ 77.580403514298354, 16.851435723633362 ], [ 77.5808936, 16.8514598 ], [ 77.581383685701638, 16.851435723633362 ], [ 77.58186905161007, 16.851363726402017 ], [ 77.582345023386267, 16.851244501678664 ], [ 77.582807017161826, 16.851079197662557 ], [ 77.583250583684119, 16.850869406321742 ], [ 77.583671451165088, 16.850617148061513 ], [ 77.584065566420819, 16.850324852266816 ], [ 77.584429133905928, 16.849995333905934 ], [ 77.584758652266814, 16.849631766420821 ], [ 77.585050948061507, 16.849237651165101 ], [ 77.58530320632174, 16.848816783684132 ], [ 77.585512997662548, 16.848373217161829 ], [ 77.585678301678655, 16.847911223386273 ], [ 77.585797526402018, 16.847435251610083 ], [ 77.585869523633363, 16.846949885701651 ], [ 77.5858936, 16.8464598 ], [ 77.585869523633363, 16.845969714298352 ], [ 77.585797526402018, 16.84548434838992 ], [ 77.585678301678655, 16.84500837661373 ], [ 77.585512997662548, 16.844546382838175 ], [ 77.58530320632174, 16.844102816315871 ], [ 77.585050948061507, 16.843681948834902 ], [ 77.584758652266814, 16.843287833579183 ], [ 77.584429133905928, 16.842924266094069 ], [ 77.584065566420819, 16.842594747733187 ], [ 77.583671451165088, 16.84230245193849 ], [ 77.583629923055256, 16.842277560947359 ], [ 77.583662523633365, 16.842057785701648 ], [ 77.5836866, 16.8415677 ], [ 77.583662523633365, 16.841077614298349 ], [ 77.58359052640202, 16.840592248389918 ], [ 77.583471301678657, 16.840116276613728 ], [ 77.583305997662549, 16.839654282838172 ], [ 77.583096206321741, 16.839210716315868 ], [ 77.582843948061509, 16.838789848834899 ], [ 77.582551652266815, 16.83839573357918 ], [ 77.58222213390593, 16.838032166094067 ], [ 77.58185856642082, 16.837702647733185 ], [ 77.58146445116509, 16.837410351938487 ], [ 77.581043583684121, 16.837158093678259 ], [ 77.580600017161828, 16.836948302337444 ], [ 77.580138023386269, 16.836782998321336 ], [ 77.579662051610072, 16.836663773597984 ] ] ], [ [ [ 77.59814232338627, 16.845184798321338 ], [ 77.597666351610073, 16.845065573597985 ], [ 77.597180985701641, 16.84499357636664 ], [ 77.5966909, 16.8449695 ], [ 77.596200814298356, 16.84499357636664 ], [ 77.595715448389925, 16.845065573597985 ], [ 77.595239476613727, 16.845184798321338 ], [ 77.594777482838168, 16.845350102337445 ], [ 77.594333916315875, 16.84555989367826 ], [ 77.593913048834906, 16.845812151938489 ], [ 77.593518933579176, 16.846104447733186 ], [ 77.593155366094066, 16.846433966094068 ], [ 77.592825847733181, 16.846797533579181 ], [ 77.592533551938487, 16.847191648834901 ], [ 77.592281293678255, 16.84761251631587 ], [ 77.592071502337447, 16.848056082838173 ], [ 77.59190619832134, 16.848518076613729 ], [ 77.591786973597976, 16.848994048389919 ], [ 77.591714976366632, 16.849479414298351 ], [ 77.5916909, 16.8499695 ], [ 77.591714976366632, 16.85045958570165 ], [ 77.591786973597976, 16.850944951610082 ], [ 77.59190619832134, 16.851420923386272 ], [ 77.592071502337447, 16.851882917161827 ], [ 77.592220052046116, 16.852196999132076 ], [ 77.592102102337449, 16.852446382838174 ], [ 77.591936798321342, 16.85290837661373 ], [ 77.591817573597979, 16.85338434838992 ], [ 77.591745576366634, 16.853869714298352 ], [ 77.5917215, 16.8543598 ], [ 77.591745576366634, 16.85484988570165 ], [ 77.591817573597979, 16.855335251610082 ], [ 77.591936798321342, 16.855811223386272 ], [ 77.592102102337449, 16.856273217161828 ], [ 77.592311893678257, 16.856716783684131 ], [ 77.59256415193849, 16.8571376511651 ], [ 77.592856447733183, 16.85753176642082 ], [ 77.593185966094069, 16.857895333905933 ], [ 77.593549533579179, 16.858224852266815 ], [ 77.593943648834909, 16.858517148061512 ], [ 77.594364516315878, 16.858769406321741 ], [ 77.594808082838171, 16.858979197662556 ], [ 77.59527007661373, 16.859144501678664 ], [ 77.595746048389927, 16.859263726402016 ], [ 77.595848704989919, 16.859278954070152 ], [ 77.596086676613723, 16.859364101678661 ], [ 77.59656264838992, 16.859483326402014 ], [ 77.597048014298352, 16.859555323633359 ], [ 77.5975381, 16.8595794 ], [ 77.598028185701637, 16.859555323633359 ], [ 77.598513551610068, 16.859483326402014 ], [ 77.598989523386265, 16.859364101678661 ], [ 77.599451517161825, 16.859198797662554 ], [ 77.599895083684117, 16.858989006321739 ], [ 77.600315951165086, 16.85873674806151 ], [ 77.600710066420817, 16.858444452266813 ], [ 77.601073633905926, 16.858114933905931 ], [ 77.601403152266812, 16.857751366420818 ], [ 77.601695448061506, 16.857357251165098 ], [ 77.601947706321738, 16.856936383684129 ], [ 77.602157497662546, 16.856492817161826 ], [ 77.602322801678653, 16.85603082338627 ], [ 77.602442026402016, 16.85555485161008 ], [ 77.602514023633361, 16.855069485701648 ], [ 77.6025381, 16.8545794 ], [ 77.602514023633361, 16.854089314298349 ], [ 77.602442026402016, 16.853603948389917 ], [ 77.602402323256399, 16.853445444547706 ], [ 77.6024257, 16.8529696 ], [ 77.602401623633369, 16.852479514298352 ], [ 77.602329626402025, 16.85199414838992 ], [ 77.602210401678661, 16.85151817661373 ], [ 77.602045097662554, 16.851056182838175 ], [ 77.601835306321746, 16.850612616315871 ], [ 77.601672638496396, 16.850341221445298 ], [ 77.6016909, 16.8499695 ], [ 77.601666823633366, 16.849479414298351 ], [ 77.601594826402021, 16.848994048389919 ], [ 77.601475601678658, 16.848518076613729 ], [ 77.60131029766255, 16.848056082838173 ], [ 77.601100506321743, 16.84761251631587 ], [ 77.60084824806151, 16.847191648834901 ], [ 77.600555952266816, 16.846797533579181 ], [ 77.600226433905931, 16.846433966094068 ], [ 77.599862866420821, 16.846104447733186 ], [ 77.599468751165091, 16.845812151938489 ], [ 77.599047883684122, 16.84555989367826 ], [ 77.598604317161829, 16.845350102337445 ], [ 77.59814232338627, 16.845184798321338 ] ] ], [ [ [ 77.580499623386274, 16.870884798321338 ], [ 77.580023651610077, 16.870765573597986 ], [ 77.579538285701645, 16.870693576366641 ], [ 77.5790482, 16.8706695 ], [ 77.57855811429836, 16.870693576366641 ], [ 77.578072748389928, 16.870765573597986 ], [ 77.577596776613731, 16.870884798321338 ], [ 77.577134782838172, 16.871050102337446 ], [ 77.576691216315879, 16.871259893678261 ], [ 77.57627034883491, 16.871512151938489 ], [ 77.57587623357918, 16.871804447733187 ], [ 77.57551266609407, 16.872133966094069 ], [ 77.575183147733185, 16.872497533579182 ], [ 77.574890851938491, 16.872891648834901 ], [ 77.574638593678259, 16.87331251631587 ], [ 77.574428802337451, 16.873756082838174 ], [ 77.574263498321343, 16.87421807661373 ], [ 77.57414427359798, 16.874694048389919 ], [ 77.574072276366635, 16.875179414298351 ], [ 77.574051409441182, 16.875604170323946 ], [ 77.574041802337447, 16.875624482838173 ], [ 77.57387649832134, 16.876086476613729 ], [ 77.573757273597977, 16.876562448389919 ], [ 77.573685276366632, 16.877047814298351 ], [ 77.5736612, 16.8775379 ], [ 77.573685276366632, 16.87802798570165 ], [ 77.573757273597977, 16.878513351610081 ], [ 77.57387649832134, 16.878989323386271 ], [ 77.574041802337447, 16.879451317161827 ], [ 77.574251593678255, 16.87989488368413 ], [ 77.574503851938488, 16.880315751165099 ], [ 77.574796147733181, 16.880709866420819 ], [ 77.575125666094067, 16.881073433905932 ], [ 77.575489233579177, 16.881402952266814 ], [ 77.575883348834907, 16.881695248061511 ], [ 77.576304216315876, 16.88194750632174 ], [ 77.576747782838169, 16.882157297662555 ], [ 77.577209776613728, 16.882322601678663 ], [ 77.577685748389925, 16.882441826402015 ], [ 77.578171114298357, 16.88251382363336 ], [ 77.5786612, 16.8825379 ], [ 77.579151285701641, 16.88251382363336 ], [ 77.579636651610073, 16.882441826402015 ], [ 77.58011262338627, 16.882322601678663 ], [ 77.58057461716183, 16.882157297662555 ], [ 77.581018183684122, 16.88194750632174 ], [ 77.581439051165091, 16.881695248061511 ], [ 77.581833166420822, 16.881402952266814 ], [ 77.582196733905931, 16.881073433905932 ], [ 77.582526252266817, 16.880709866420819 ], [ 77.58281854806151, 16.880315751165099 ], [ 77.583070806321743, 16.87989488368413 ], [ 77.583280597662551, 16.879451317161827 ], [ 77.583445901678658, 16.878989323386271 ], [ 77.583565126402021, 16.878513351610081 ], [ 77.583637123633366, 16.87802798570165 ], [ 77.58365799055882, 16.877603229676055 ], [ 77.583667597662554, 16.877582917161828 ], [ 77.583832901678662, 16.877120923386272 ], [ 77.583952126402025, 16.876644951610082 ], [ 77.58402412363337, 16.87615958570165 ], [ 77.5840482, 16.8756695 ], [ 77.58402412363337, 16.875179414298351 ], [ 77.583952126402025, 16.874694048389919 ], [ 77.583832901678662, 16.87421807661373 ], [ 77.583667597662554, 16.873756082838174 ], [ 77.583457806321746, 16.87331251631587 ], [ 77.583205548061514, 16.872891648834901 ], [ 77.58291325226682, 16.872497533579182 ], [ 77.582583733905935, 16.872133966094069 ], [ 77.582220166420825, 16.871804447733187 ], [ 77.581826051165095, 16.871512151938489 ], [ 77.581405183684126, 16.871259893678261 ], [ 77.580961617161833, 16.871050102337446 ], [ 77.580499623386274, 16.870884798321338 ] ] ], [ [ [ 77.596765248389929, 16.867436273597985 ], [ 77.596289276613732, 16.867555498321337 ], [ 77.595827282838172, 16.867720802337445 ], [ 77.595383716315879, 16.86793059367826 ], [ 77.594962848834911, 16.868182851938489 ], [ 77.59456873357918, 16.868475147733186 ], [ 77.594205166094071, 16.868804666094068 ], [ 77.593875647733185, 16.869168233579181 ], [ 77.593583351938491, 16.869562348834901 ], [ 77.593331093678259, 16.86998321631587 ], [ 77.593121302337451, 16.870426782838173 ], [ 77.592955998321344, 16.870888776613729 ], [ 77.59283677359798, 16.871364748389919 ], [ 77.592764776366636, 16.871850114298351 ], [ 77.5927407, 16.8723402 ], [ 77.592764776366636, 16.872830285701649 ], [ 77.59283677359798, 16.873315651610081 ], [ 77.592955998321344, 16.873791623386271 ], [ 77.593116862260018, 16.874241207976709 ], [ 77.593108352266825, 16.874229733579181 ], [ 77.592778833905939, 16.873866166094068 ], [ 77.592415266420829, 16.873536647733186 ], [ 77.592021151165099, 16.873244351938489 ], [ 77.59160028368413, 16.87299209367826 ], [ 77.591156717161837, 16.872782302337445 ], [ 77.590694723386278, 16.872616998321337 ], [ 77.590218751610081, 16.872497773597985 ], [ 77.589733385701649, 16.87242577636664 ], [ 77.5892433, 16.8724017 ], [ 77.588753214298364, 16.87242577636664 ], [ 77.588267848389933, 16.872497773597985 ], [ 77.587791876613736, 16.872616998321337 ], [ 77.587329882838176, 16.872782302337445 ], [ 77.586886316315884, 16.87299209367826 ], [ 77.586465448834915, 16.873244351938489 ], [ 77.586071333579184, 16.873536647733186 ], [ 77.585707766094075, 16.873866166094068 ], [ 77.585378247733189, 16.874229733579181 ], [ 77.585085951938495, 16.874623848834901 ], [ 77.584833693678263, 16.87504471631587 ], [ 77.584623902337455, 16.875488282838173 ], [ 77.584458598321348, 16.875950276613729 ], [ 77.584339373597984, 16.876426248389919 ], [ 77.58426737636664, 16.876911614298351 ], [ 77.584243300000011, 16.8774017 ], [ 77.58426737636664, 16.877891785701649 ], [ 77.584339373597984, 16.878377151610081 ], [ 77.584458598321348, 16.878853123386271 ], [ 77.584623902337455, 16.879315117161827 ], [ 77.584833693678263, 16.87975868368413 ], [ 77.585085951938495, 16.880179551165099 ], [ 77.585378247733189, 16.880573666420819 ], [ 77.585707766094075, 16.880937233905932 ], [ 77.586071333579184, 16.881266752266814 ], [ 77.586465448834915, 16.881559048061511 ], [ 77.586886316315884, 16.88181130632174 ], [ 77.587329882838176, 16.882021097662555 ], [ 77.587791876613736, 16.882186401678663 ], [ 77.588267848389933, 16.882305626402015 ], [ 77.588753214298364, 16.88237762363336 ], [ 77.5892433, 16.8824017 ], [ 77.589733385701649, 16.88237762363336 ], [ 77.590218751610081, 16.882305626402015 ], [ 77.590694723386278, 16.882186401678663 ], [ 77.590939044207332, 16.882098982291051 ], [ 77.590933766094068, 16.882103766094069 ], [ 77.590604247733182, 16.882467333579182 ], [ 77.590311951938489, 16.882861448834902 ], [ 77.590059693678256, 16.883282316315871 ], [ 77.589849902337448, 16.883725882838174 ], [ 77.589684598321341, 16.88418787661373 ], [ 77.589565373597978, 16.88466384838992 ], [ 77.589493376366633, 16.885149214298352 ], [ 77.5894693, 16.8856393 ], [ 77.589493376366633, 16.886129385701651 ], [ 77.589565373597978, 16.886614751610082 ], [ 77.589684598321341, 16.887090723386272 ], [ 77.589849902337448, 16.887552717161828 ], [ 77.590059693678256, 16.887996283684132 ], [ 77.590311951938489, 16.8884171511651 ], [ 77.590604247733182, 16.88881126642082 ], [ 77.590933766094068, 16.889174833905933 ], [ 77.591297333579178, 16.889504352266815 ], [ 77.591691448834908, 16.889796648061512 ], [ 77.592112316315877, 16.890048906321741 ], [ 77.59255588283817, 16.890258697662556 ], [ 77.593017876613729, 16.890424001678664 ], [ 77.593493848389926, 16.890543226402016 ], [ 77.593979214298358, 16.890615223633361 ], [ 77.5944693, 16.8906393 ], [ 77.594959385701642, 16.890615223633361 ], [ 77.595444751610074, 16.890543226402016 ], [ 77.595920723386271, 16.890424001678664 ], [ 77.596382717161831, 16.890258697662556 ], [ 77.596826283684123, 16.890048906321741 ], [ 77.597247151165092, 16.889796648061512 ], [ 77.597641266420823, 16.889504352266815 ], [ 77.598004833905932, 16.889174833905933 ], [ 77.598334352266818, 16.88881126642082 ], [ 77.598626648061511, 16.8884171511651 ], [ 77.598878906321744, 16.887996283684132 ], [ 77.598879102761956, 16.887995868346199 ], [ 77.598943476613726, 16.888018901678663 ], [ 77.599419448389924, 16.888138126402016 ], [ 77.599904814298355, 16.88821012363336 ], [ 77.6003949, 16.8882342 ], [ 77.60088498570164, 16.88821012363336 ], [ 77.601370351610072, 16.888138126402016 ], [ 77.601846323386269, 16.888018901678663 ], [ 77.602126754697551, 16.88791856175105 ], [ 77.602451233579174, 16.888212652266816 ], [ 77.602845348834904, 16.888504948061513 ], [ 77.603266216315873, 16.888757206321742 ], [ 77.603709782838166, 16.888966997662557 ], [ 77.604171776613725, 16.889132301678664 ], [ 77.604647748389922, 16.889251526402017 ], [ 77.605133114298354, 16.889323523633362 ], [ 77.6056232, 16.8893476 ], [ 77.606113285701639, 16.889323523633362 ], [ 77.606598651610071, 16.889251526402017 ], [ 77.607074623386268, 16.889132301678664 ], [ 77.607536617161827, 16.888966997662557 ], [ 77.60798018368412, 16.888757206321742 ], [ 77.608401051165089, 16.888504948061513 ], [ 77.608795166420819, 16.888212652266816 ], [ 77.609158733905929, 16.887883133905934 ], [ 77.609488252266814, 16.887519566420821 ], [ 77.609780548061508, 16.887125451165101 ], [ 77.61003280632174, 16.886704583684132 ], [ 77.610242597662548, 16.886261017161829 ], [ 77.610407901678656, 16.885799023386273 ], [ 77.610527126402019, 16.885323051610083 ], [ 77.610599123633364, 16.884837685701651 ], [ 77.6106232, 16.8843476 ], [ 77.610599123633364, 16.883857514298352 ], [ 77.610527126402019, 16.88337214838992 ], [ 77.610407901678656, 16.88289617661373 ], [ 77.610242597662548, 16.882434182838175 ], [ 77.61003280632174, 16.881990616315871 ], [ 77.609780548061508, 16.881569748834902 ], [ 77.609488252266814, 16.881175633579183 ], [ 77.609158733905929, 16.880812066094069 ], [ 77.608795166420819, 16.880482547733187 ], [ 77.608401051165089, 16.88019025193849 ], [ 77.60798018368412, 16.879937993678261 ], [ 77.607536617161827, 16.879728202337446 ], [ 77.607074623386268, 16.879562898321339 ], [ 77.606598651610071, 16.879443673597986 ], [ 77.606113285701639, 16.879371676366642 ], [ 77.6056232, 16.8793476 ], [ 77.605133114298354, 16.879371676366642 ], [ 77.604647748389922, 16.879443673597986 ], [ 77.604171776613725, 16.879562898321339 ], [ 77.603891345302443, 16.879663238248952 ], [ 77.603670466610865, 16.879463045472136 ], [ 77.603671183684128, 16.879462706321739 ], [ 77.604092051165097, 16.87921044806151 ], [ 77.604486166420827, 16.878918152266813 ], [ 77.604849733905937, 16.878588633905931 ], [ 77.605179252266822, 16.878225066420818 ], [ 77.605471548061516, 16.877830951165098 ], [ 77.605723806321748, 16.877410083684129 ], [ 77.605933597662556, 16.876966517161826 ], [ 77.606098901678664, 16.87650452338627 ], [ 77.606218126402027, 16.87602855161008 ], [ 77.606290123633372, 16.875543185701648 ], [ 77.6063142, 16.8750531 ], [ 77.606290123633372, 16.874563014298349 ], [ 77.606218126402027, 16.874077648389918 ], [ 77.606098901678664, 16.873601676613728 ], [ 77.605933597662556, 16.873139682838172 ], [ 77.605723806321748, 16.872696116315868 ], [ 77.605471548061516, 16.872275248834899 ], [ 77.605179252266822, 16.87188113357918 ], [ 77.604849733905937, 16.871517566094067 ], [ 77.604486166420827, 16.871188047733185 ], [ 77.604092051165097, 16.870895751938487 ], [ 77.603671183684128, 16.870643493678259 ], [ 77.603227617161835, 16.870433702337444 ], [ 77.602765623386276, 16.870268398321336 ], [ 77.602289651610079, 16.870149173597984 ], [ 77.602224206814327, 16.870139465779577 ], [ 77.602150306321747, 16.86998321631587 ], [ 77.601898048061514, 16.869562348834901 ], [ 77.601605752266821, 16.869168233579181 ], [ 77.601276233905935, 16.868804666094068 ], [ 77.600912666420825, 16.868475147733186 ], [ 77.600518551165095, 16.868182851938489 ], [ 77.600097683684126, 16.86793059367826 ], [ 77.599654117161833, 16.867720802337445 ], [ 77.599192123386274, 16.867555498321337 ], [ 77.598716151610077, 16.867436273597985 ], [ 77.598230785701645, 16.86736427636664 ], [ 77.5977407, 16.8673402 ], [ 77.59725061429836, 16.86736427636664 ], [ 77.596765248389929, 16.867436273597985 ] ], [ [ 77.596904593678261, 16.877410083684129 ], [ 77.597156851938493, 16.877830951165098 ], [ 77.597449147733187, 16.878225066420818 ], [ 77.597778666094072, 16.878588633905931 ], [ 77.598038633389152, 16.87882425452786 ], [ 77.598037916315874, 16.87882459367826 ], [ 77.597617048834906, 16.879076851938489 ], [ 77.597222933579175, 16.879369147733186 ], [ 77.596859366094066, 16.879698666094068 ], [ 77.59652984773318, 16.880062233579181 ], [ 77.596237551938486, 16.880456348834901 ], [ 77.595985293678254, 16.88087721631587 ], [ 77.595985097238042, 16.880877631653803 ], [ 77.595920723386271, 16.880854598321338 ], [ 77.595444751610074, 16.880735373597986 ], [ 77.594959385701642, 16.880663376366641 ], [ 77.5944693, 16.8806393 ], [ 77.593979214298358, 16.880663376366641 ], [ 77.593493848389926, 16.880735373597986 ], [ 77.593017876613729, 16.880854598321338 ], [ 77.592773555792675, 16.880942017708946 ], [ 77.592778833905939, 16.880937233905932 ], [ 77.593108352266825, 16.880573666420819 ], [ 77.593400648061518, 16.880179551165099 ], [ 77.593652906321751, 16.87975868368413 ], [ 77.593862697662559, 16.879315117161827 ], [ 77.594028001678666, 16.878853123386271 ], [ 77.594147226402029, 16.878377151610081 ], [ 77.594219223633374, 16.877891785701649 ], [ 77.5942433, 16.8774017 ], [ 77.594219223633374, 16.876911614298351 ], [ 77.594147226402029, 16.876426248389919 ], [ 77.594028001678666, 16.875950276613729 ], [ 77.593867137739991, 16.875500692023294 ], [ 77.593875647733185, 16.875512166420819 ], [ 77.594205166094071, 16.875875733905932 ], [ 77.59456873357918, 16.876205252266814 ], [ 77.594962848834911, 16.876497548061511 ], [ 77.595383716315879, 16.87674980632174 ], [ 77.595827282838172, 16.876959597662555 ], [ 77.596289276613732, 16.877124901678663 ], [ 77.596765248389929, 16.877244126402015 ], [ 77.59683069318568, 16.877253834220422 ], [ 77.596904593678261, 16.877410083684129 ] ] ], [ [ [ 77.656797566420821, 16.456568247733184 ], [ 77.65640345116509, 16.456275951938487 ], [ 77.655982583684121, 16.456023693678258 ], [ 77.655539017161828, 16.455813902337443 ], [ 77.655077023386269, 16.455648598321336 ], [ 77.654601051610072, 16.455529373597983 ], [ 77.65411568570164, 16.455457376366638 ], [ 77.6536256, 16.4554333 ], [ 77.653135514298356, 16.455457376366638 ], [ 77.652650148389924, 16.455529373597983 ], [ 77.652174176613727, 16.455648598321336 ], [ 77.651712182838168, 16.455813902337443 ], [ 77.651268616315875, 16.456023693678258 ], [ 77.650847748834906, 16.456275951938487 ], [ 77.650453633579176, 16.456568247733184 ], [ 77.650090066094066, 16.456897766094066 ], [ 77.64976054773318, 16.457261333579179 ], [ 77.649468251938487, 16.457655448834899 ], [ 77.649215993678254, 16.458076316315868 ], [ 77.649006202337446, 16.458519882838171 ], [ 77.648840898321339, 16.458981876613727 ], [ 77.648721673597976, 16.459457848389917 ], [ 77.648649676366631, 16.459943214298349 ], [ 77.6486256, 16.4604333 ], [ 77.648649676366631, 16.460923385701648 ], [ 77.648721673597976, 16.46140875161008 ], [ 77.648840898321339, 16.46188472338627 ], [ 77.649006202337446, 16.462346717161825 ], [ 77.649215993678254, 16.462790283684129 ], [ 77.649468251938487, 16.463211151165098 ], [ 77.64976054773318, 16.463605266420817 ], [ 77.650090066094066, 16.46396883390593 ], [ 77.650453633579176, 16.464298352266812 ], [ 77.650847748834906, 16.46459064806151 ], [ 77.651268616315875, 16.464842906321739 ], [ 77.651712182838168, 16.465052697662554 ], [ 77.652174176613727, 16.465218001678661 ], [ 77.652650148389924, 16.465337226402013 ], [ 77.653135514298356, 16.465409223633358 ], [ 77.6536256, 16.4654333 ], [ 77.65411568570164, 16.465409223633358 ], [ 77.654601051610072, 16.465337226402013 ], [ 77.655077023386269, 16.465218001678661 ], [ 77.655539017161828, 16.465052697662554 ], [ 77.655982583684121, 16.464842906321739 ], [ 77.65640345116509, 16.46459064806151 ], [ 77.656797566420821, 16.464298352266812 ], [ 77.65716113390593, 16.46396883390593 ], [ 77.657490652266816, 16.463605266420817 ], [ 77.657782948061509, 16.463211151165098 ], [ 77.658035206321742, 16.462790283684129 ], [ 77.65824499766255, 16.462346717161825 ], [ 77.658410301678657, 16.46188472338627 ], [ 77.65852952640202, 16.46140875161008 ], [ 77.658601523633365, 16.460923385701648 ], [ 77.6586256, 16.4604333 ], [ 77.658601523633365, 16.459943214298349 ], [ 77.65852952640202, 16.459457848389917 ], [ 77.658410301678657, 16.458981876613727 ], [ 77.65824499766255, 16.458519882838171 ], [ 77.658035206321742, 16.458076316315868 ], [ 77.657782948061509, 16.457655448834899 ], [ 77.657490652266816, 16.457261333579179 ], [ 77.65716113390593, 16.456897766094066 ], [ 77.656797566420821, 16.456568247733184 ] ] ], [ [ [ 77.681741683684123, 16.470461493678261 ], [ 77.68129811716183, 16.470251702337446 ], [ 77.680836123386271, 16.470086398321339 ], [ 77.680360151610074, 16.469967173597986 ], [ 77.679874785701642, 16.469895176366641 ], [ 77.6793847, 16.4698711 ], [ 77.678894614298358, 16.469895176366641 ], [ 77.678409248389926, 16.469967173597986 ], [ 77.677933276613729, 16.470086398321339 ], [ 77.677471282838169, 16.470251702337446 ], [ 77.677027716315877, 16.470461493678261 ], [ 77.677019029405912, 16.470466700411716 ], [ 77.676807185701648, 16.47043527636664 ], [ 77.6763171, 16.4704112 ], [ 77.675827014298363, 16.47043527636664 ], [ 77.675341648389931, 16.470507273597985 ], [ 77.674865676613734, 16.470626498321337 ], [ 77.674403682838175, 16.470791802337445 ], [ 77.673960116315882, 16.47100159367826 ], [ 77.673539248834913, 16.471253851938489 ], [ 77.673145133579183, 16.471546147733186 ], [ 77.672781566094073, 16.471875666094068 ], [ 77.672452047733188, 16.472239233579181 ], [ 77.672159751938494, 16.472633348834901 ], [ 77.671907493678262, 16.47305421631587 ], [ 77.671697702337454, 16.473497782838173 ], [ 77.671532398321347, 16.473959776613729 ], [ 77.671413173597983, 16.474435748389919 ], [ 77.671341176366639, 16.47492111429835 ], [ 77.67133552452573, 16.475036160162905 ], [ 77.671320673597975, 16.475095448389919 ], [ 77.671248676366631, 16.47558081429835 ], [ 77.6712246, 16.4760709 ], [ 77.671234446553925, 16.476271331209567 ], [ 77.671043793678251, 16.476589416315871 ], [ 77.670834002337443, 16.477032982838175 ], [ 77.670668698321336, 16.47749497661373 ], [ 77.670549473597973, 16.47797094838992 ], [ 77.670477476366628, 16.478456314298352 ], [ 77.6704534, 16.4789464 ], [ 77.670477476366628, 16.479436485701651 ], [ 77.670549473597973, 16.479921851610083 ], [ 77.670668698321336, 16.480397823386273 ], [ 77.670834002337443, 16.480859817161829 ], [ 77.671043793678251, 16.481303383684132 ], [ 77.671296051938484, 16.481724251165101 ], [ 77.671588347733177, 16.482118366420821 ], [ 77.671917866094063, 16.482481933905934 ], [ 77.672281433579172, 16.482811452266816 ], [ 77.672675548834903, 16.483103748061513 ], [ 77.673096416315872, 16.483356006321742 ], [ 77.673539982838165, 16.483565797662557 ], [ 77.674001976613724, 16.483731101678664 ], [ 77.674477948389921, 16.483850326402017 ], [ 77.674963314298353, 16.483922323633362 ], [ 77.6754534, 16.4839464 ], [ 77.675943485701637, 16.483922323633362 ], [ 77.676428851610069, 16.483850326402017 ], [ 77.676904823386266, 16.483731101678664 ], [ 77.677366817161825, 16.483565797662557 ], [ 77.677810383684118, 16.483356006321742 ], [ 77.678231251165087, 16.483103748061513 ], [ 77.678625366420817, 16.482811452266816 ], [ 77.678988933905927, 16.482481933905934 ], [ 77.679318452266813, 16.482118366420821 ], [ 77.679610748061506, 16.481724251165101 ], [ 77.679863006321739, 16.481303383684132 ], [ 77.679877192159736, 16.481273390249708 ], [ 77.680265566420829, 16.480985352266813 ], [ 77.680629133905938, 16.480655833905931 ], [ 77.680958652266824, 16.480292266420818 ], [ 77.681250948061518, 16.479898151165099 ], [ 77.68150320632175, 16.47947728368413 ], [ 77.681554253071752, 16.479369354399321 ], [ 77.681741683684123, 16.479280706321742 ], [ 77.682162551165092, 16.479028448061513 ], [ 77.682556666420822, 16.478736152266816 ], [ 77.682920233905932, 16.478406633905934 ], [ 77.683249752266818, 16.47804306642082 ], [ 77.683542048061511, 16.477648951165101 ], [ 77.683794306321744, 16.477228083684132 ], [ 77.684004097662552, 16.476784517161828 ], [ 77.684169401678659, 16.476322523386273 ], [ 77.684288626402022, 16.475846551610083 ], [ 77.684360623633367, 16.475361185701651 ], [ 77.6843847, 16.4748711 ], [ 77.684360623633367, 16.474381014298352 ], [ 77.684288626402022, 16.47389564838992 ], [ 77.684169401678659, 16.47341967661373 ], [ 77.684004097662552, 16.472957682838175 ], [ 77.683794306321744, 16.472514116315871 ], [ 77.683542048061511, 16.472093248834902 ], [ 77.683249752266818, 16.471699133579182 ], [ 77.682920233905932, 16.471335566094069 ], [ 77.682556666420822, 16.471006047733187 ], [ 77.682162551165092, 16.47071375193849 ], [ 77.681741683684123, 16.470461493678261 ] ] ], [ [ [ 77.658833551165088, 16.499882851938487 ], [ 77.658412683684119, 16.499630593678258 ], [ 77.657969117161826, 16.499420802337443 ], [ 77.657507123386267, 16.499255498321336 ], [ 77.65703115161007, 16.499136273597983 ], [ 77.656545785701638, 16.499064276366639 ], [ 77.6560557, 16.4990402 ], [ 77.655565614298354, 16.499064276366639 ], [ 77.655080248389922, 16.499136273597983 ], [ 77.654604276613725, 16.499255498321336 ], [ 77.654142282838166, 16.499420802337443 ], [ 77.653698716315873, 16.499630593678258 ], [ 77.653277848834904, 16.499882851938487 ], [ 77.652883733579174, 16.500175147733184 ], [ 77.652520166094064, 16.500504666094066 ], [ 77.652190647733178, 16.50086823357918 ], [ 77.651898351938485, 16.501262348834899 ], [ 77.651646093678252, 16.501683216315868 ], [ 77.651436302337444, 16.502126782838172 ], [ 77.651270998321337, 16.502588776613727 ], [ 77.651151773597974, 16.503064748389917 ], [ 77.651079776366629, 16.503550114298349 ], [ 77.6510557, 16.5040402 ], [ 77.651079776366629, 16.504530285701648 ], [ 77.651151773597974, 16.50501565161008 ], [ 77.651270998321337, 16.50549162338627 ], [ 77.651430226151419, 16.505936635359532 ], [ 77.651148317161827, 16.505803302337444 ], [ 77.650686323386267, 16.505637998321337 ], [ 77.65021035161007, 16.505518773597984 ], [ 77.649724985701639, 16.505446776366639 ], [ 77.6492349, 16.5054227 ], [ 77.648744814298354, 16.505446776366639 ], [ 77.648259448389922, 16.505518773597984 ], [ 77.647783476613725, 16.505637998321337 ], [ 77.647321482838166, 16.505803302337444 ], [ 77.646914008311455, 16.505996023435657 ], [ 77.646815066420828, 16.505906347733188 ], [ 77.646420951165098, 16.50561405193849 ], [ 77.646000083684129, 16.505361793678262 ], [ 77.645556517161836, 16.505152002337447 ], [ 77.645094523386277, 16.504986698321339 ], [ 77.64461855161008, 16.504867473597987 ], [ 77.644133185701648, 16.504795476366642 ], [ 77.6436431, 16.5047714 ], [ 77.643153014298363, 16.504795476366642 ], [ 77.642667648389931, 16.504867473597987 ], [ 77.642191676613734, 16.504986698321339 ], [ 77.641729682838175, 16.505152002337447 ], [ 77.641286116315882, 16.505361793678262 ], [ 77.640865248834913, 16.50561405193849 ], [ 77.640471133579183, 16.505906347733188 ], [ 77.640107566094073, 16.50623586609407 ], [ 77.639778047733188, 16.506599433579183 ], [ 77.639485751938494, 16.506993548834902 ], [ 77.639233493678262, 16.507414416315871 ], [ 77.639023702337454, 16.507857982838175 ], [ 77.638858398321346, 16.508319976613731 ], [ 77.638739173597983, 16.50879594838992 ], [ 77.638667176366639, 16.509281314298352 ], [ 77.63864310000001, 16.5097714 ], [ 77.638667176366639, 16.510261485701651 ], [ 77.638739173597983, 16.510746851610083 ], [ 77.638858398321346, 16.511222823386273 ], [ 77.639023702337454, 16.511684817161829 ], [ 77.639233493678262, 16.512128383684132 ], [ 77.639485751938494, 16.512549251165101 ], [ 77.639778047733188, 16.512943366420821 ], [ 77.640107566094073, 16.513306933905934 ], [ 77.640471133579183, 16.513636452266816 ], [ 77.640865248834913, 16.513928748061513 ], [ 77.641286116315882, 16.514181006321742 ], [ 77.641729682838175, 16.514390797662557 ], [ 77.642191676613734, 16.514556101678664 ], [ 77.642667648389931, 16.514675326402017 ], [ 77.643153014298363, 16.514747323633362 ], [ 77.6436431, 16.5147714 ], [ 77.644133185701648, 16.514747323633362 ], [ 77.644552023550531, 16.514685194907429 ], [ 77.644855833579172, 16.514960552266814 ], [ 77.645249948834902, 16.515252848061511 ], [ 77.645670816315871, 16.51550510632174 ], [ 77.646114382838164, 16.515714897662555 ], [ 77.646576376613723, 16.515880201678662 ], [ 77.64705234838992, 16.515999426402015 ], [ 77.647537714298352, 16.51607142363336 ], [ 77.6480278, 16.5160955 ], [ 77.648517885701636, 16.51607142363336 ], [ 77.649003251610068, 16.515999426402015 ], [ 77.649479223386265, 16.515880201678662 ], [ 77.649941217161825, 16.515714897662555 ], [ 77.650384783684117, 16.51550510632174 ], [ 77.650805651165086, 16.515252848061511 ], [ 77.651035281836386, 16.515082542348711 ], [ 77.651148317161827, 16.515042097662555 ], [ 77.651591883684119, 16.51483230632174 ], [ 77.652012751165088, 16.514580048061511 ], [ 77.652406866420819, 16.514287752266814 ], [ 77.652770433905928, 16.513958233905932 ], [ 77.653099952266814, 16.513594666420818 ], [ 77.653392248061508, 16.513200551165099 ], [ 77.65364450632174, 16.51277968368413 ], [ 77.653854297662548, 16.512336117161826 ], [ 77.654019601678655, 16.511874123386271 ], [ 77.654138826402018, 16.511398151610081 ], [ 77.654210823633363, 16.510912785701649 ], [ 77.6542349, 16.5104227 ], [ 77.654210823633363, 16.50993261429835 ], [ 77.654138826402018, 16.509447248389918 ], [ 77.654019601678655, 16.508971276613728 ], [ 77.653860373848559, 16.508526264640462 ], [ 77.654142282838166, 16.508659597662554 ], [ 77.654604276613725, 16.508824901678661 ], [ 77.655080248389922, 16.508944126402014 ], [ 77.655565614298354, 16.509016123633359 ], [ 77.6560557, 16.5090402 ], [ 77.656545785701638, 16.509016123633359 ], [ 77.65703115161007, 16.508944126402014 ], [ 77.657507123386267, 16.508824901678661 ], [ 77.657969117161826, 16.508659597662554 ], [ 77.658412683684119, 16.508449806321739 ], [ 77.658833551165088, 16.50819754806151 ], [ 77.659227666420819, 16.507905252266813 ], [ 77.659591233905928, 16.507575733905931 ], [ 77.659920752266814, 16.507212166420818 ], [ 77.660213048061507, 16.506818051165098 ], [ 77.66046530632174, 16.506397183684129 ], [ 77.660675097662548, 16.505953617161826 ], [ 77.660840401678655, 16.50549162338627 ], [ 77.660959626402018, 16.50501565161008 ], [ 77.661031623633363, 16.504530285701648 ], [ 77.6610557, 16.5040402 ], [ 77.661031623633363, 16.503550114298349 ], [ 77.660959626402018, 16.503064748389917 ], [ 77.660840401678655, 16.502588776613727 ], [ 77.660675097662548, 16.502126782838172 ], [ 77.66046530632174, 16.501683216315868 ], [ 77.660213048061507, 16.501262348834899 ], [ 77.659920752266814, 16.50086823357918 ], [ 77.659591233905928, 16.500504666094066 ], [ 77.659227666420819, 16.500175147733184 ], [ 77.658833551165088, 16.499882851938487 ] ] ], [ [ [ 77.6777557, 16.5068171 ], [ 77.677265614298364, 16.506841176366638 ], [ 77.676780248389932, 16.506913173597983 ], [ 77.676304276613735, 16.507032398321336 ], [ 77.675842282838175, 16.507197702337443 ], [ 77.675398716315883, 16.507407493678258 ], [ 77.674977848834914, 16.507659751938487 ], [ 77.674583733579183, 16.507952047733184 ], [ 77.674220166094074, 16.508281566094066 ], [ 77.673890647733188, 16.508645133579179 ], [ 77.673598351938494, 16.509039248834899 ], [ 77.673346093678262, 16.509460116315868 ], [ 77.673136302337454, 16.509903682838171 ], [ 77.672970998321347, 16.510365676613727 ], [ 77.672851773597984, 16.510841648389917 ], [ 77.672779776366639, 16.511327014298349 ], [ 77.67275570000001, 16.5118171 ], [ 77.672779776366639, 16.512307185701648 ], [ 77.672792367150223, 16.512392065869879 ], [ 77.672510466094067, 16.512647566094067 ], [ 77.672180947733182, 16.51301113357918 ], [ 77.671888651938488, 16.5134052488349 ], [ 77.671636393678256, 16.513826116315869 ], [ 77.671426602337448, 16.514269682838172 ], [ 77.67126129832134, 16.514731676613728 ], [ 77.671142073597977, 16.515207648389918 ], [ 77.671070076366632, 16.51569301429835 ], [ 77.671046, 16.5161831 ], [ 77.671070076366632, 16.516673185701649 ], [ 77.671079676038175, 16.516737901430499 ], [ 77.671075800000011, 16.5168168 ], [ 77.67109987636664, 16.51730688570165 ], [ 77.671171873597984, 16.517792251610082 ], [ 77.671291098321348, 16.518268223386272 ], [ 77.671456402337455, 16.518730217161828 ], [ 77.671666193678263, 16.519173783684131 ], [ 77.671711621335433, 16.51924957515126 ], [ 77.67178359832134, 16.519536923386273 ], [ 77.671948902337448, 16.519998917161828 ], [ 77.672158693678256, 16.520442483684132 ], [ 77.672410951938488, 16.520863351165101 ], [ 77.672703247733182, 16.52125746642082 ], [ 77.673032766094067, 16.521621033905934 ], [ 77.673396333579177, 16.521950552266816 ], [ 77.673790448834907, 16.522242848061513 ], [ 77.674211316315876, 16.522495106321742 ], [ 77.674654882838169, 16.522704897662557 ], [ 77.675116876613728, 16.522870201678664 ], [ 77.675592848389925, 16.522989426402017 ], [ 77.676078214298357, 16.523061423633361 ], [ 77.6765683, 16.5230855 ], [ 77.677058385701642, 16.523061423633361 ], [ 77.677543751610074, 16.522989426402017 ], [ 77.678019723386271, 16.522870201678664 ], [ 77.67848171716183, 16.522704897662557 ], [ 77.678675234302688, 16.522613370871401 ], [ 77.67870115161007, 16.522609526402015 ], [ 77.679177123386268, 16.522490301678662 ], [ 77.679639117161827, 16.522324997662555 ], [ 77.679776885722575, 16.522259837986095 ], [ 77.680082351610068, 16.522214526402013 ], [ 77.680457158114436, 16.522120642260077 ], [ 77.680563385701646, 16.522115423633359 ], [ 77.681048751610078, 16.522043426402014 ], [ 77.681524723386275, 16.521924201678662 ], [ 77.681986717161834, 16.521758897662554 ], [ 77.682430283684127, 16.521549106321739 ], [ 77.682851151165096, 16.52129684806151 ], [ 77.683245266420826, 16.521004552266813 ], [ 77.683608833905936, 16.520675033905931 ], [ 77.683938352266821, 16.520311466420818 ], [ 77.684230648061515, 16.519917351165098 ], [ 77.684482906321747, 16.519496483684129 ], [ 77.684692697662555, 16.519052917161826 ], [ 77.684858001678663, 16.51859092338627 ], [ 77.684977226402026, 16.51811495161008 ], [ 77.685002782567651, 16.517942665935895 ], [ 77.685027406321737, 16.517901583684129 ], [ 77.685237197662545, 16.517458017161825 ], [ 77.685402501678652, 16.51699602338627 ], [ 77.685521726402015, 16.51652005161008 ], [ 77.685545619944477, 16.516358974430769 ], [ 77.685571726402017, 16.516254751610081 ], [ 77.685586603514324, 16.516154458265522 ], [ 77.685690701678652, 16.515863523386273 ], [ 77.685809926402015, 16.515387551610083 ], [ 77.685823972061186, 16.515292863467273 ], [ 77.68598260167866, 16.514849523386271 ], [ 77.686101826402023, 16.514373551610081 ], [ 77.686173823633368, 16.513888185701649 ], [ 77.6861979, 16.5133981 ], [ 77.686173823633368, 16.51290801429835 ], [ 77.686101826402023, 16.512422648389919 ], [ 77.68598260167866, 16.511946676613729 ], [ 77.685817297662553, 16.511484682838173 ], [ 77.685607506321745, 16.511041116315869 ], [ 77.685355248061512, 16.510620248834901 ], [ 77.685062952266819, 16.510226133579181 ], [ 77.684733433905933, 16.509862566094068 ], [ 77.684369866420823, 16.509533047733186 ], [ 77.683975751165093, 16.509240751938489 ], [ 77.683554883684124, 16.50898849367826 ], [ 77.683111317161831, 16.508778702337445 ], [ 77.682649323386272, 16.508613398321337 ], [ 77.682173351610075, 16.508494173597985 ], [ 77.681687985701643, 16.50842217636664 ], [ 77.681406125527616, 16.508408329464213 ], [ 77.681291233905938, 16.508281566094066 ], [ 77.680927666420828, 16.507952047733184 ], [ 77.680533551165098, 16.507659751938487 ], [ 77.680112683684129, 16.507407493678258 ], [ 77.679669117161836, 16.507197702337443 ], [ 77.679207123386277, 16.507032398321336 ], [ 77.67873115161008, 16.506913173597983 ], [ 77.678245785701648, 16.506841176366638 ], [ 77.6777557, 16.5068171 ] ] ], [ [ [ 77.657461823386271, 16.537586998321338 ], [ 77.656985851610074, 16.537467773597985 ], [ 77.656500485701642, 16.53739577636664 ], [ 77.6560104, 16.5373717 ], [ 77.655520314298357, 16.53739577636664 ], [ 77.655034948389925, 16.537467773597985 ], [ 77.654558976613728, 16.537586998321338 ], [ 77.654096982838169, 16.537752302337445 ], [ 77.653653416315876, 16.53796209367826 ], [ 77.653232548834907, 16.538214351938489 ], [ 77.652838433579177, 16.538506647733186 ], [ 77.652474866094067, 16.538836166094068 ], [ 77.652145347733182, 16.539199733579181 ], [ 77.651853051938488, 16.539593848834901 ], [ 77.651600793678256, 16.54001471631587 ], [ 77.651391002337448, 16.540458282838173 ], [ 77.65122569832134, 16.540920276613729 ], [ 77.651106473597977, 16.541396248389919 ], [ 77.651034476366632, 16.541881614298351 ], [ 77.6510104, 16.5423717 ], [ 77.651034476366632, 16.54286178570165 ], [ 77.651106473597977, 16.543347151610082 ], [ 77.65122569832134, 16.543823123386272 ], [ 77.651391002337448, 16.544285117161827 ], [ 77.651600793678256, 16.544728683684131 ], [ 77.651853051938488, 16.5451495511651 ], [ 77.652145347733182, 16.545543666420819 ], [ 77.652474866094067, 16.545907233905933 ], [ 77.652838433579177, 16.546236752266815 ], [ 77.653232548834907, 16.546529048061512 ], [ 77.653653416315876, 16.546781306321741 ], [ 77.654096982838169, 16.546991097662556 ], [ 77.654558976613728, 16.547156401678663 ], [ 77.655034948389925, 16.547275626402016 ], [ 77.655520314298357, 16.54734762363336 ], [ 77.6560104, 16.5473717 ], [ 77.656500485701642, 16.54734762363336 ], [ 77.656985851610074, 16.547275626402016 ], [ 77.657461823386271, 16.547156401678663 ], [ 77.65792381716183, 16.546991097662556 ], [ 77.658367383684123, 16.546781306321741 ], [ 77.658788251165092, 16.546529048061512 ], [ 77.659182366420822, 16.546236752266815 ], [ 77.659545933905932, 16.545907233905933 ], [ 77.659875452266817, 16.545543666420819 ], [ 77.660167748061511, 16.5451495511651 ], [ 77.660420006321743, 16.544728683684131 ], [ 77.660629797662551, 16.544285117161827 ], [ 77.660795101678659, 16.543823123386272 ], [ 77.660914326402022, 16.543347151610082 ], [ 77.660986323633367, 16.54286178570165 ], [ 77.6610104, 16.5423717 ], [ 77.660986323633367, 16.541881614298351 ], [ 77.660914326402022, 16.541396248389919 ], [ 77.660795101678659, 16.540920276613729 ], [ 77.660629797662551, 16.540458282838173 ], [ 77.660420006321743, 16.54001471631587 ], [ 77.660167748061511, 16.539593848834901 ], [ 77.659875452266817, 16.539199733579181 ], [ 77.659545933905932, 16.538836166094068 ], [ 77.659182366420822, 16.538506647733186 ], [ 77.658788251165092, 16.538214351938489 ], [ 77.658367383684123, 16.53796209367826 ], [ 77.65792381716183, 16.537752302337445 ], [ 77.657461823386271, 16.537586998321338 ] ] ], [ [ [ 77.677132151165097, 16.543778951938489 ], [ 77.676711283684128, 16.54352669367826 ], [ 77.676267717161835, 16.543316902337445 ], [ 77.675805723386276, 16.543151598321337 ], [ 77.675329751610079, 16.543032373597985 ], [ 77.674844385701647, 16.54296037636664 ], [ 77.6743543, 16.5429363 ], [ 77.673864214298362, 16.54296037636664 ], [ 77.67337884838993, 16.543032373597985 ], [ 77.672902876613733, 16.543151598321337 ], [ 77.672440882838174, 16.543316902337445 ], [ 77.671997316315881, 16.54352669367826 ], [ 77.671576448834912, 16.543778951938489 ], [ 77.671182333579182, 16.544071247733186 ], [ 77.670818766094072, 16.544400766094068 ], [ 77.670489247733187, 16.544764333579181 ], [ 77.670196951938493, 16.545158448834901 ], [ 77.669944693678261, 16.54557931631587 ], [ 77.669734902337453, 16.546022882838173 ], [ 77.669569598321345, 16.546484876613729 ], [ 77.669450373597982, 16.546960848389919 ], [ 77.669378376366637, 16.54744621429835 ], [ 77.6693543, 16.5479363 ], [ 77.669378376366637, 16.548426385701649 ], [ 77.669450373597982, 16.548911751610081 ], [ 77.669569598321345, 16.549387723386271 ], [ 77.669734902337453, 16.549849717161827 ], [ 77.669944693678261, 16.55029328368413 ], [ 77.670196951938493, 16.550714151165099 ], [ 77.670489247733187, 16.551108266420819 ], [ 77.670818766094072, 16.551471833905932 ], [ 77.671182333579182, 16.551801352266814 ], [ 77.671576448834912, 16.552093648061511 ], [ 77.671997316315881, 16.55234590632174 ], [ 77.672440882838174, 16.552555697662555 ], [ 77.672902876613733, 16.552721001678663 ], [ 77.67337884838993, 16.552840226402015 ], [ 77.673864214298362, 16.55291222363336 ], [ 77.6743543, 16.5529363 ], [ 77.674844385701647, 16.55291222363336 ], [ 77.675329751610079, 16.552840226402015 ], [ 77.675805723386276, 16.552721001678663 ], [ 77.676267717161835, 16.552555697662555 ], [ 77.676711283684128, 16.55234590632174 ], [ 77.677132151165097, 16.552093648061511 ], [ 77.677526266420827, 16.551801352266814 ], [ 77.677889833905937, 16.551471833905932 ], [ 77.678219352266822, 16.551108266420819 ], [ 77.678511648061516, 16.550714151165099 ], [ 77.678763906321748, 16.55029328368413 ], [ 77.678973697662556, 16.549849717161827 ], [ 77.679139001678664, 16.549387723386271 ], [ 77.679258226402027, 16.548911751610081 ], [ 77.679330223633372, 16.548426385701649 ], [ 77.6793543, 16.5479363 ], [ 77.679330223633372, 16.54744621429835 ], [ 77.679258226402027, 16.546960848389919 ], [ 77.679139001678664, 16.546484876613729 ], [ 77.678973697662556, 16.546022882838173 ], [ 77.678763906321748, 16.54557931631587 ], [ 77.678511648061516, 16.545158448834901 ], [ 77.678219352266822, 16.544764333579181 ], [ 77.677889833905937, 16.544400766094068 ], [ 77.677526266420827, 16.544071247733186 ], [ 77.677132151165097, 16.543778951938489 ] ] ], [ [ [ 77.696506066420824, 16.550559347733184 ], [ 77.696111951165094, 16.550267051938487 ], [ 77.695691083684125, 16.550014793678258 ], [ 77.695247517161832, 16.549805002337443 ], [ 77.694785523386273, 16.549639698321336 ], [ 77.694309551610075, 16.549520473597983 ], [ 77.693824185701644, 16.549448476366639 ], [ 77.6933341, 16.5494244 ], [ 77.692844014298359, 16.549448476366639 ], [ 77.692358648389927, 16.549520473597983 ], [ 77.69188267661373, 16.549639698321336 ], [ 77.691420682838171, 16.549805002337443 ], [ 77.690977116315878, 16.550014793678258 ], [ 77.690556248834909, 16.550267051938487 ], [ 77.690162133579179, 16.550559347733184 ], [ 77.689798566094069, 16.550888866094066 ], [ 77.689469047733184, 16.55125243357918 ], [ 77.68917675193849, 16.551646548834899 ], [ 77.688924493678257, 16.552067416315868 ], [ 77.68871470233745, 16.552510982838172 ], [ 77.688549398321342, 16.552972976613727 ], [ 77.688430173597979, 16.553448948389917 ], [ 77.688358176366634, 16.553934314298349 ], [ 77.6883341, 16.5544244 ], [ 77.688358176366634, 16.554914485701648 ], [ 77.688430173597979, 16.55539985161008 ], [ 77.688549398321342, 16.55587582338627 ], [ 77.68871470233745, 16.556337817161825 ], [ 77.688924493678257, 16.556781383684129 ], [ 77.68917675193849, 16.557202251165098 ], [ 77.689469047733184, 16.557596366420817 ], [ 77.689798566094069, 16.557959933905931 ], [ 77.690162133579179, 16.558289452266813 ], [ 77.690556248834909, 16.55858174806151 ], [ 77.690977116315878, 16.558834006321739 ], [ 77.691420682838171, 16.559043797662554 ], [ 77.69188267661373, 16.559209101678661 ], [ 77.692358648389927, 16.559328326402014 ], [ 77.692844014298359, 16.559400323633358 ], [ 77.6933341, 16.5594244 ], [ 77.693824185701644, 16.559400323633358 ], [ 77.694309551610075, 16.559328326402014 ], [ 77.694785523386273, 16.559209101678661 ], [ 77.695247517161832, 16.559043797662554 ], [ 77.695691083684125, 16.558834006321739 ], [ 77.696111951165094, 16.55858174806151 ], [ 77.696506066420824, 16.558289452266813 ], [ 77.696869633905933, 16.557959933905931 ], [ 77.697199152266819, 16.557596366420817 ], [ 77.697491448061513, 16.557202251165098 ], [ 77.697743706321745, 16.556781383684129 ], [ 77.697953497662553, 16.556337817161825 ], [ 77.69811880167866, 16.55587582338627 ], [ 77.698238026402024, 16.55539985161008 ], [ 77.698310023633368, 16.554914485701648 ], [ 77.6983341, 16.5544244 ], [ 77.698310023633368, 16.553934314298349 ], [ 77.698238026402024, 16.553448948389917 ], [ 77.69811880167866, 16.552972976613727 ], [ 77.697953497662553, 16.552510982838172 ], [ 77.697743706321745, 16.552067416315868 ], [ 77.697491448061513, 16.551646548834899 ], [ 77.697199152266819, 16.55125243357918 ], [ 77.696869633905933, 16.550888866094066 ], [ 77.696506066420824, 16.550559347733184 ] ] ], [ [ [ 77.691249451610076, 16.583444373597985 ], [ 77.690764085701645, 16.58337237636664 ], [ 77.690274, 16.5833483 ], [ 77.68978391429836, 16.58337237636664 ], [ 77.689298548389928, 16.583444373597985 ], [ 77.688822576613731, 16.583563598321337 ], [ 77.688360582838172, 16.583728902337445 ], [ 77.687917016315879, 16.58393869367826 ], [ 77.68749614883491, 16.584190951938488 ], [ 77.68710203357918, 16.584483247733186 ], [ 77.686744141530454, 16.584807622178374 ], [ 77.686544285701643, 16.584777976366642 ], [ 77.6860542, 16.5847539 ], [ 77.685564114298359, 16.584777976366642 ], [ 77.685078748389927, 16.584849973597986 ], [ 77.68460277661373, 16.584969198321339 ], [ 77.68414078283817, 16.585134502337446 ], [ 77.683697216315878, 16.585344293678261 ], [ 77.683276348834909, 16.58559655193849 ], [ 77.682882233579178, 16.585888847733187 ], [ 77.682518666094069, 16.586218366094069 ], [ 77.682189147733183, 16.586581933579183 ], [ 77.68189685193849, 16.586976048834902 ], [ 77.681644593678257, 16.587396916315871 ], [ 77.681434802337449, 16.587840482838175 ], [ 77.681269498321342, 16.58830247661373 ], [ 77.681150273597979, 16.58877844838992 ], [ 77.681078276366634, 16.589263814298352 ], [ 77.6810542, 16.5897539 ], [ 77.681078276366634, 16.590243985701651 ], [ 77.681150273597979, 16.590729351610083 ], [ 77.681269498321342, 16.591205323386273 ], [ 77.681434802337449, 16.591667317161829 ], [ 77.681644593678257, 16.592110883684132 ], [ 77.68189685193849, 16.592531751165101 ], [ 77.682189147733183, 16.592925866420821 ], [ 77.682518666094069, 16.593289433905934 ], [ 77.682882233579178, 16.593618952266816 ], [ 77.683276348834909, 16.593911248061513 ], [ 77.683697216315878, 16.594163506321742 ], [ 77.68414078283817, 16.594373297662557 ], [ 77.68460277661373, 16.594538601678664 ], [ 77.685078748389927, 16.594657826402017 ], [ 77.685564114298359, 16.594729823633362 ], [ 77.6860542, 16.5947539 ], [ 77.686544285701643, 16.594729823633362 ], [ 77.687029651610075, 16.594657826402017 ], [ 77.687505623386272, 16.594538601678664 ], [ 77.687967617161831, 16.594373297662557 ], [ 77.688411183684124, 16.594163506321742 ], [ 77.688832051165093, 16.593911248061513 ], [ 77.689226166420823, 16.593618952266816 ], [ 77.689584058469549, 16.593294577821627 ], [ 77.68978391429836, 16.59332422363336 ], [ 77.690274, 16.5933483 ], [ 77.690764085701645, 16.59332422363336 ], [ 77.691249451610076, 16.593252226402015 ], [ 77.691725423386274, 16.593133001678662 ], [ 77.692187417161833, 16.592967697662555 ], [ 77.692630983684126, 16.59275790632174 ], [ 77.693051851165094, 16.592505648061511 ], [ 77.693445966420825, 16.592213352266814 ], [ 77.693809533905934, 16.591883833905932 ], [ 77.69413905226682, 16.591520266420819 ], [ 77.694431348061514, 16.591126151165099 ], [ 77.694683606321746, 16.59070528368413 ], [ 77.694893397662554, 16.590261717161827 ], [ 77.695058701678661, 16.589799723386271 ], [ 77.695177926402025, 16.589323751610081 ], [ 77.695249923633369, 16.588838385701649 ], [ 77.695274, 16.5883483 ], [ 77.695249923633369, 16.58785821429835 ], [ 77.695177926402025, 16.587372848389919 ], [ 77.695058701678661, 16.586896876613729 ], [ 77.694893397662554, 16.586434882838173 ], [ 77.694683606321746, 16.585991316315869 ], [ 77.694431348061514, 16.585570448834901 ], [ 77.69413905226682, 16.585176333579181 ], [ 77.693809533905934, 16.584812766094068 ], [ 77.693445966420825, 16.584483247733186 ], [ 77.693051851165094, 16.584190951938488 ], [ 77.692630983684126, 16.58393869367826 ], [ 77.692187417161833, 16.583728902337445 ], [ 77.691725423386274, 16.583563598321337 ], [ 77.691249451610076, 16.583444373597985 ] ] ], [ [ [ 77.70054015161007, 16.590414973597984 ], [ 77.700054785701639, 16.590342976366639 ], [ 77.6995647, 16.5903189 ], [ 77.699074614298354, 16.590342976366639 ], [ 77.698589248389922, 16.590414973597984 ], [ 77.698113276613725, 16.590534198321336 ], [ 77.697651282838166, 16.590699502337444 ], [ 77.697207716315873, 16.590909293678259 ], [ 77.696786848834904, 16.591161551938487 ], [ 77.696392733579174, 16.591453847733185 ], [ 77.696029166094064, 16.591783366094067 ], [ 77.695699647733178, 16.59214693357918 ], [ 77.695407351938485, 16.592541048834899 ], [ 77.695155093678252, 16.592961916315868 ], [ 77.694945302337445, 16.593405482838172 ], [ 77.694779998321337, 16.593867476613728 ], [ 77.694660773597974, 16.594343448389917 ], [ 77.694588776366629, 16.594828814298349 ], [ 77.6945647, 16.5953189 ], [ 77.694588776366629, 16.595808985701648 ], [ 77.694660773597974, 16.59629435161008 ], [ 77.694779998321337, 16.59677032338627 ], [ 77.694945302337445, 16.597232317161826 ], [ 77.695155093678252, 16.597675883684129 ], [ 77.695407351938485, 16.598096751165098 ], [ 77.695699647733178, 16.598490866420818 ], [ 77.696029166094064, 16.598854433905931 ], [ 77.696392733579174, 16.599183952266813 ], [ 77.696786848834904, 16.59947624806151 ], [ 77.697207716315873, 16.599728506321739 ], [ 77.697651282838166, 16.599938297662554 ], [ 77.698113276613725, 16.600103601678661 ], [ 77.698589248389922, 16.600222826402014 ], [ 77.699074614298354, 16.600294823633359 ], [ 77.6995647, 16.6003189 ], [ 77.700054785701639, 16.600294823633359 ], [ 77.70054015161007, 16.600222826402014 ], [ 77.701016123386268, 16.600103601678661 ], [ 77.701478117161827, 16.599938297662554 ], [ 77.70192168368412, 16.599728506321739 ], [ 77.702342551165088, 16.59947624806151 ], [ 77.702736666420819, 16.599183952266813 ], [ 77.703100233905928, 16.598854433905931 ], [ 77.703429752266814, 16.598490866420818 ], [ 77.703722048061508, 16.598096751165098 ], [ 77.70397430632174, 16.597675883684129 ], [ 77.704184097662548, 16.597232317161826 ], [ 77.704349401678655, 16.59677032338627 ], [ 77.704468626402019, 16.59629435161008 ], [ 77.704540623633363, 16.595808985701648 ], [ 77.7045647, 16.5953189 ], [ 77.704540623633363, 16.594828814298349 ], [ 77.704468626402019, 16.594343448389917 ], [ 77.704349401678655, 16.593867476613728 ], [ 77.704184097662548, 16.593405482838172 ], [ 77.70397430632174, 16.592961916315868 ], [ 77.703722048061508, 16.592541048834899 ], [ 77.703429752266814, 16.59214693357918 ], [ 77.703100233905928, 16.591783366094067 ], [ 77.702736666420819, 16.591453847733185 ], [ 77.702342551165088, 16.591161551938487 ], [ 77.70192168368412, 16.590909293678259 ], [ 77.701478117161827, 16.590699502337444 ], [ 77.701016123386268, 16.590534198321336 ], [ 77.70054015161007, 16.590414973597984 ] ] ], [ [ [ 77.702331785701645, 16.601226476366641 ], [ 77.7018417, 16.6012024 ], [ 77.70135161429836, 16.601226476366641 ], [ 77.700866248389929, 16.601298473597986 ], [ 77.700390276613732, 16.601417698321338 ], [ 77.699928282838172, 16.601583002337446 ], [ 77.699484716315879, 16.601792793678261 ], [ 77.699063848834911, 16.602045051938489 ], [ 77.69866973357918, 16.602337347733187 ], [ 77.698306166094071, 16.602666866094069 ], [ 77.697976647733185, 16.603030433579182 ], [ 77.697684351938491, 16.603424548834901 ], [ 77.697432093678259, 16.60384541631587 ], [ 77.697222302337451, 16.604288982838174 ], [ 77.697056998321344, 16.60475097661373 ], [ 77.69693777359798, 16.60522694838992 ], [ 77.696865776366636, 16.605712314298351 ], [ 77.6968417, 16.6062024 ], [ 77.696865776366636, 16.60669248570165 ], [ 77.69693777359798, 16.607177851610082 ], [ 77.697056998321344, 16.607653823386272 ], [ 77.697222302337451, 16.608115817161828 ], [ 77.697432093678259, 16.608559383684131 ], [ 77.697684351938491, 16.6089802511651 ], [ 77.697976647733185, 16.60937436642082 ], [ 77.698306166094071, 16.609737933905933 ], [ 77.69866973357918, 16.610067452266815 ], [ 77.699063848834911, 16.610359748061512 ], [ 77.699484716315879, 16.610612006321741 ], [ 77.699928282838172, 16.610821797662556 ], [ 77.700390276613732, 16.610987101678663 ], [ 77.700866248389929, 16.611106326402016 ], [ 77.70135161429836, 16.611178323633361 ], [ 77.7018417, 16.6112024 ], [ 77.702331785701645, 16.611178323633361 ], [ 77.702817151610077, 16.611106326402016 ], [ 77.703293123386274, 16.610987101678663 ], [ 77.703755117161833, 16.610821797662556 ], [ 77.704198683684126, 16.610612006321741 ], [ 77.704619551165095, 16.610359748061512 ], [ 77.705013666420825, 16.610067452266815 ], [ 77.705377233905935, 16.609737933905933 ], [ 77.705706752266821, 16.60937436642082 ], [ 77.705999048061514, 16.6089802511651 ], [ 77.706251306321747, 16.608559383684131 ], [ 77.706461097662554, 16.608115817161828 ], [ 77.706626401678662, 16.607653823386272 ], [ 77.706745626402025, 16.607177851610082 ], [ 77.70681762363337, 16.60669248570165 ], [ 77.7068417, 16.6062024 ], [ 77.70681762363337, 16.605712314298351 ], [ 77.706745626402025, 16.60522694838992 ], [ 77.706626401678662, 16.60475097661373 ], [ 77.706461097662554, 16.604288982838174 ], [ 77.706251306321747, 16.60384541631587 ], [ 77.705999048061514, 16.603424548834901 ], [ 77.705706752266821, 16.603030433579182 ], [ 77.705377233905935, 16.602666866094069 ], [ 77.705013666420825, 16.602337347733187 ], [ 77.704619551165095, 16.602045051938489 ], [ 77.704198683684126, 16.601792793678261 ], [ 77.703755117161833, 16.601583002337446 ], [ 77.703293123386274, 16.601417698321338 ], [ 77.702817151610077, 16.601298473597986 ], [ 77.702331785701645, 16.601226476366641 ] ] ], [ [ [ 77.694053551610068, 16.621024973597986 ], [ 77.693568185701636, 16.620952976366642 ], [ 77.6930781, 16.6209289 ], [ 77.692588014298352, 16.620952976366642 ], [ 77.69210264838992, 16.621024973597986 ], [ 77.691626676613723, 16.621144198321339 ], [ 77.691164682838163, 16.621309502337446 ], [ 77.690721116315871, 16.621519293678261 ], [ 77.690300248834902, 16.62177155193849 ], [ 77.689906133579171, 16.622063847733187 ], [ 77.689542566094062, 16.622393366094069 ], [ 77.689213047733176, 16.622756933579183 ], [ 77.688920751938483, 16.623151048834902 ], [ 77.68866849367825, 16.623571916315871 ], [ 77.688458702337442, 16.624015482838175 ], [ 77.688293398321335, 16.62447747661373 ], [ 77.688174173597972, 16.62495344838992 ], [ 77.688102176366627, 16.625438814298352 ], [ 77.6880781, 16.6259289 ], [ 77.688102176366627, 16.626418985701651 ], [ 77.688174173597972, 16.626904351610083 ], [ 77.688293398321335, 16.627380323386273 ], [ 77.688458702337442, 16.627842317161829 ], [ 77.68866849367825, 16.628285883684132 ], [ 77.688920751938483, 16.628706751165101 ], [ 77.689213047733176, 16.629100866420821 ], [ 77.689542566094062, 16.629464433905934 ], [ 77.689906133579171, 16.629793952266816 ], [ 77.690300248834902, 16.630086248061513 ], [ 77.690721116315871, 16.630338506321742 ], [ 77.691164682838163, 16.630548297662557 ], [ 77.691626676613723, 16.630713601678664 ], [ 77.69210264838992, 16.630832826402017 ], [ 77.692588014298352, 16.630904823633362 ], [ 77.6930781, 16.6309289 ], [ 77.693568185701636, 16.630904823633362 ], [ 77.694053551610068, 16.630832826402017 ], [ 77.694529523386265, 16.630713601678664 ], [ 77.694991517161824, 16.630548297662557 ], [ 77.695435083684117, 16.630338506321742 ], [ 77.695855951165086, 16.630086248061513 ], [ 77.696250066420816, 16.629793952266816 ], [ 77.696613633905926, 16.629464433905934 ], [ 77.696943152266812, 16.629100866420821 ], [ 77.697235448061505, 16.628706751165101 ], [ 77.697487706321738, 16.628285883684132 ], [ 77.697697497662546, 16.627842317161829 ], [ 77.697862801678653, 16.627380323386273 ], [ 77.697982026402016, 16.626904351610083 ], [ 77.698054023633361, 16.626418985701651 ], [ 77.698078099999989, 16.6259289 ], [ 77.698054023633361, 16.625438814298352 ], [ 77.697982026402016, 16.62495344838992 ], [ 77.697862801678653, 16.62447747661373 ], [ 77.697697497662546, 16.624015482838175 ], [ 77.697487706321738, 16.623571916315871 ], [ 77.697235448061505, 16.623151048834902 ], [ 77.696943152266812, 16.622756933579183 ], [ 77.696613633905926, 16.622393366094069 ], [ 77.696250066420816, 16.622063847733187 ], [ 77.695855951165086, 16.62177155193849 ], [ 77.695435083684117, 16.621519293678261 ], [ 77.694991517161824, 16.621309502337446 ], [ 77.694529523386265, 16.621144198321339 ], [ 77.694053551610068, 16.621024973597986 ] ] ], [ [ [ 77.629885751165091, 16.752717951938489 ], [ 77.629464883684122, 16.752465693678261 ], [ 77.629021317161829, 16.752255902337446 ], [ 77.62855932338627, 16.752090598321338 ], [ 77.628083351610073, 16.751971373597986 ], [ 77.627597985701641, 16.751899376366641 ], [ 77.6271079, 16.7518753 ], [ 77.626617814298356, 16.751899376366641 ], [ 77.626132448389924, 16.751971373597986 ], [ 77.626013491772511, 16.752001170679478 ], [ 77.625894148389932, 16.752018873597986 ], [ 77.625418176613735, 16.752138098321339 ], [ 77.624956182838176, 16.752303402337446 ], [ 77.624512616315883, 16.752513193678261 ], [ 77.624091748834914, 16.75276545193849 ], [ 77.623697633579184, 16.753057747733187 ], [ 77.623334066094074, 16.753387266094069 ], [ 77.623004547733188, 16.753750833579183 ], [ 77.622712251938495, 16.754144948834902 ], [ 77.622459993678262, 16.754565816315871 ], [ 77.622250202337455, 16.755009382838175 ], [ 77.622084898321347, 16.75547137661373 ], [ 77.621965673597984, 16.75594734838992 ], [ 77.621893676366639, 16.756432714298352 ], [ 77.621869600000011, 16.7569228 ], [ 77.621893676366639, 16.757412885701651 ], [ 77.621965673597984, 16.757898251610083 ], [ 77.622084898321347, 16.758374223386273 ], [ 77.622250202337455, 16.758836217161829 ], [ 77.622459993678262, 16.759279783684132 ], [ 77.622534255692628, 16.759403682369893 ], [ 77.622561593678256, 16.759461483684131 ], [ 77.622813851938488, 16.7598823511651 ], [ 77.623106147733182, 16.760276466420819 ], [ 77.623435666094068, 16.760640033905933 ], [ 77.623799233579177, 16.760969552266815 ], [ 77.624193348834908, 16.761261848061512 ], [ 77.624614216315877, 16.761514106321741 ], [ 77.625057782838169, 16.761723897662556 ], [ 77.625519776613729, 16.761889201678663 ], [ 77.625995748389926, 16.762008426402016 ], [ 77.626481114298358, 16.76208042363336 ], [ 77.6269712, 16.7621045 ], [ 77.627461285701642, 16.76208042363336 ], [ 77.627946651610074, 16.762008426402016 ], [ 77.628422623386271, 16.761889201678663 ], [ 77.62888461716183, 16.761723897662556 ], [ 77.629328183684123, 16.761514106321741 ], [ 77.629749051165092, 16.761261848061512 ], [ 77.630143166420822, 16.760969552266815 ], [ 77.630506733905932, 16.760640033905933 ], [ 77.630836252266818, 16.760276466420819 ], [ 77.631128548061511, 16.7598823511651 ], [ 77.631380806321744, 16.759461483684131 ], [ 77.631383340006295, 16.75945612665824 ], [ 77.631517506321742, 16.759232283684131 ], [ 77.63172729766255, 16.758788717161828 ], [ 77.631892601678658, 16.758326723386272 ], [ 77.632011826402021, 16.757850751610082 ], [ 77.632083823633366, 16.75736538570165 ], [ 77.6321079, 16.7568753 ], [ 77.632083823633366, 16.756385214298351 ], [ 77.632011826402021, 16.75589984838992 ], [ 77.631892601678658, 16.75542387661373 ], [ 77.63172729766255, 16.754961882838174 ], [ 77.631517506321742, 16.75451831631587 ], [ 77.63126524806151, 16.754097448834901 ], [ 77.630972952266816, 16.753703333579182 ], [ 77.630643433905931, 16.753339766094069 ], [ 77.630279866420821, 16.753010247733187 ], [ 77.629885751165091, 16.752717951938489 ] ] ], [ [ [ 77.623348123386265, 16.839627698321337 ], [ 77.622872151610068, 16.839508473597984 ], [ 77.622386785701636, 16.83943647636664 ], [ 77.6218967, 16.8394124 ], [ 77.621406614298351, 16.83943647636664 ], [ 77.620921248389919, 16.839508473597984 ], [ 77.620445276613722, 16.839627698321337 ], [ 77.619983282838163, 16.839793002337444 ], [ 77.61953971631587, 16.840002793678259 ], [ 77.619118848834901, 16.840255051938488 ], [ 77.618724733579171, 16.840547347733185 ], [ 77.618361166094061, 16.840876866094067 ], [ 77.618031647733176, 16.841240433579181 ], [ 77.617739351938482, 16.8416345488349 ], [ 77.61748709367825, 16.842055416315869 ], [ 77.617277302337442, 16.842498982838173 ], [ 77.617111998321334, 16.842960976613728 ], [ 77.616992773597971, 16.843436948389918 ], [ 77.616920776366626, 16.84392231429835 ], [ 77.6168967, 16.8444124 ], [ 77.616920776366626, 16.844902485701649 ], [ 77.616992773597971, 16.845387851610081 ], [ 77.617111998321334, 16.845863823386271 ], [ 77.617269603200953, 16.846304299516841 ], [ 77.617280076366626, 16.84651748570165 ], [ 77.617352073597971, 16.847002851610082 ], [ 77.617471298321334, 16.847478823386272 ], [ 77.617636602337441, 16.847940817161827 ], [ 77.617846393678249, 16.848384383684131 ], [ 77.618098651938482, 16.8488052511651 ], [ 77.618390947733175, 16.84919936642082 ], [ 77.618720466094061, 16.849562933905933 ], [ 77.619084033579171, 16.849892452266815 ], [ 77.619478148834901, 16.850184748061512 ], [ 77.61989901631587, 16.850437006321741 ], [ 77.620342582838163, 16.850646797662556 ], [ 77.620804576613722, 16.850812101678663 ], [ 77.621280548389919, 16.850931326402016 ], [ 77.621765914298351, 16.851003323633361 ], [ 77.622256, 16.8510274 ], [ 77.622746085701635, 16.851003323633361 ], [ 77.623231451610067, 16.850931326402016 ], [ 77.623707423386264, 16.850812101678663 ], [ 77.624169417161824, 16.850646797662556 ], [ 77.624612983684116, 16.850437006321741 ], [ 77.625033851165085, 16.850184748061512 ], [ 77.625427966420816, 16.849892452266815 ], [ 77.625791533905925, 16.849562933905933 ], [ 77.626121052266811, 16.84919936642082 ], [ 77.626413348061504, 16.8488052511651 ], [ 77.626665606321737, 16.848384383684131 ], [ 77.626875397662545, 16.847940817161827 ], [ 77.627040701678652, 16.847478823386272 ], [ 77.627159926402015, 16.847002851610082 ], [ 77.62723192363336, 16.84651748570165 ], [ 77.627256, 16.8460274 ], [ 77.62723192363336, 16.845537314298351 ], [ 77.627159926402015, 16.845051948389919 ], [ 77.627040701678652, 16.844575976613729 ], [ 77.626883096799034, 16.844135500483159 ], [ 77.626872623633361, 16.84392231429835 ], [ 77.626800626402016, 16.843436948389918 ], [ 77.626681401678653, 16.842960976613728 ], [ 77.626516097662545, 16.842498982838173 ], [ 77.626306306321737, 16.842055416315869 ], [ 77.626054048061505, 16.8416345488349 ], [ 77.625761752266811, 16.841240433579181 ], [ 77.625432233905926, 16.840876866094067 ], [ 77.625068666420816, 16.840547347733185 ], [ 77.624674551165086, 16.840255051938488 ], [ 77.624253683684117, 16.840002793678259 ], [ 77.623810117161824, 16.839793002337444 ], [ 77.623348123386265, 16.839627698321337 ] ] ], [ [ [ 77.605345316315876, 16.852010893678258 ], [ 77.604924448834907, 16.852263151938487 ], [ 77.604530333579177, 16.852555447733184 ], [ 77.604166766094067, 16.852884966094066 ], [ 77.603837247733182, 16.85324853357918 ], [ 77.603544951938488, 16.853642648834899 ], [ 77.603292693678256, 16.854063516315868 ], [ 77.603082902337448, 16.854507082838172 ], [ 77.602917598321341, 16.854969076613727 ], [ 77.602798373597977, 16.855445048389917 ], [ 77.602726376366633, 16.855930414298349 ], [ 77.6027023, 16.8564205 ], [ 77.602726376366633, 16.856910585701648 ], [ 77.602798373597977, 16.85739595161008 ], [ 77.602917598321341, 16.85787192338627 ], [ 77.603082902337448, 16.858333917161826 ], [ 77.603292693678256, 16.858777483684129 ], [ 77.603544951938488, 16.859198351165098 ], [ 77.603837247733182, 16.859592466420818 ], [ 77.604166766094067, 16.859956033905931 ], [ 77.604313896941846, 16.860089385533293 ], [ 77.604228098321343, 16.860329176613728 ], [ 77.60410887359798, 16.860805148389918 ], [ 77.604036876366635, 16.86129051429835 ], [ 77.6040128, 16.8617806 ], [ 77.604036876366635, 16.862270685701649 ], [ 77.60410887359798, 16.862756051610081 ], [ 77.604228098321343, 16.863232023386271 ], [ 77.60439340233745, 16.863694017161826 ], [ 77.604603193678258, 16.86413758368413 ], [ 77.604855451938491, 16.864558451165099 ], [ 77.605147747733184, 16.864952566420818 ], [ 77.60547726609407, 16.865316133905932 ], [ 77.60584083357918, 16.865645652266814 ], [ 77.60623494883491, 16.865937948061511 ], [ 77.606655816315879, 16.86619020632174 ], [ 77.607099382838172, 16.866399997662555 ], [ 77.607561376613731, 16.866565301678662 ], [ 77.608037348389928, 16.866684526402015 ], [ 77.60852271429836, 16.866756523633359 ], [ 77.6090128, 16.8667806 ], [ 77.609502885701644, 16.866756523633359 ], [ 77.609988251610076, 16.866684526402015 ], [ 77.610437244319129, 16.866572059583181 ], [ 77.610475147733183, 16.866623166420819 ], [ 77.610804666094069, 16.866986733905932 ], [ 77.611168233579178, 16.867316252266814 ], [ 77.611562348834909, 16.867608548061511 ], [ 77.611983216315878, 16.86786080632174 ], [ 77.61242678283817, 16.868070597662555 ], [ 77.61288877661373, 16.868235901678663 ], [ 77.613364748389927, 16.868355126402015 ], [ 77.613850114298359, 16.86842712363336 ], [ 77.6143402, 16.8684512 ], [ 77.614830285701643, 16.86842712363336 ], [ 77.615315651610075, 16.868355126402015 ], [ 77.615791623386272, 16.868235901678663 ], [ 77.616253617161831, 16.868070597662555 ], [ 77.616697183684124, 16.86786080632174 ], [ 77.617118051165093, 16.867608548061511 ], [ 77.617512166420823, 16.867316252266814 ], [ 77.617875733905933, 16.866986733905932 ], [ 77.618205252266819, 16.866623166420819 ], [ 77.618497548061512, 16.866229051165099 ], [ 77.618749806321745, 16.86580818368413 ], [ 77.618854215974224, 16.865587428021541 ], [ 77.61912468368412, 16.865459506321741 ], [ 77.619545551165089, 16.865207248061513 ], [ 77.619939666420819, 16.864914952266815 ], [ 77.620303233905929, 16.864585433905933 ], [ 77.620310457909611, 16.864577463446128 ], [ 77.620625617161835, 16.864464697662555 ], [ 77.621069183684128, 16.86425490632174 ], [ 77.621490051165097, 16.864002648061511 ], [ 77.621884166420827, 16.863710352266814 ], [ 77.622247733905937, 16.863380833905932 ], [ 77.622577252266822, 16.863017266420819 ], [ 77.622869548061516, 16.862623151165099 ], [ 77.623121806321748, 16.86220228368413 ], [ 77.623331597662556, 16.861758717161827 ], [ 77.623496901678664, 16.861296723386271 ], [ 77.623616126402027, 16.860820751610081 ], [ 77.623688123633372, 16.860335385701649 ], [ 77.6237122, 16.8598453 ], [ 77.623688123633372, 16.85935521429835 ], [ 77.623616126402027, 16.858869848389919 ], [ 77.623496901678664, 16.858393876613729 ], [ 77.623331597662556, 16.857931882838173 ], [ 77.623121806321748, 16.85748831631587 ], [ 77.622869548061516, 16.857067448834901 ], [ 77.622577252266822, 16.856673333579181 ], [ 77.622247733905937, 16.856309766094068 ], [ 77.621884166420827, 16.855980247733186 ], [ 77.621490051165097, 16.855687951938489 ], [ 77.621069183684128, 16.85543569367826 ], [ 77.620625617161835, 16.855225902337445 ], [ 77.620163623386276, 16.855060598321337 ], [ 77.619830356717557, 16.854977119366559 ], [ 77.619806666420828, 16.854955647733185 ], [ 77.619412551165098, 16.854663351938488 ], [ 77.618991683684129, 16.854411093678259 ], [ 77.618548117161836, 16.854201302337444 ], [ 77.618086123386277, 16.854035998321336 ], [ 77.61761015161008, 16.853916773597984 ], [ 77.617124785701648, 16.853844776366639 ], [ 77.6166347, 16.8538207 ], [ 77.616144614298364, 16.853844776366639 ], [ 77.615793004392017, 16.853896932769327 ], [ 77.615676923386275, 16.853855398321336 ], [ 77.615200951610078, 16.853736173597984 ], [ 77.614715585701646, 16.853664176366639 ], [ 77.614579794974972, 16.853657505396008 ], [ 77.614254817161836, 16.853503802337446 ], [ 77.613792823386277, 16.853338498321339 ], [ 77.613425442069499, 16.853246474092071 ], [ 77.613305683684118, 16.853174693678259 ], [ 77.612862117161825, 16.852964902337444 ], [ 77.612400123386266, 16.852799598321337 ], [ 77.612364044410995, 16.852790561008497 ], [ 77.612226923386274, 16.852741498321336 ], [ 77.611750951610077, 16.852622273597984 ], [ 77.611265585701645, 16.852550276366639 ], [ 77.610839039250706, 16.852529321483225 ], [ 77.610480151165092, 16.852263151938487 ], [ 77.610059283684123, 16.852010893678258 ], [ 77.60961571716183, 16.851801102337443 ], [ 77.609153723386271, 16.851635798321336 ], [ 77.608677751610074, 16.851516573597983 ], [ 77.608192385701642, 16.851444576366639 ], [ 77.6077023, 16.8514205 ], [ 77.607212214298357, 16.851444576366639 ], [ 77.606726848389926, 16.851516573597983 ], [ 77.606250876613728, 16.851635798321336 ], [ 77.605788882838169, 16.851801102337443 ], [ 77.605345316315876, 16.852010893678258 ] ] ], [ [ [ 77.636823648389921, 16.857215973597985 ], [ 77.636347676613724, 16.857335198321337 ], [ 77.635885682838165, 16.857500502337444 ], [ 77.635442116315872, 16.857710293678259 ], [ 77.635021248834903, 16.857962551938488 ], [ 77.634627133579173, 16.858254847733185 ], [ 77.634263566094063, 16.858584366094068 ], [ 77.633934047733177, 16.858947933579181 ], [ 77.633641751938484, 16.8593420488349 ], [ 77.633389493678251, 16.859762916315869 ], [ 77.633179702337443, 16.860206482838173 ], [ 77.633148359749924, 16.860294079502076 ], [ 77.632918282838176, 16.860376402337444 ], [ 77.632474716315883, 16.860586193678259 ], [ 77.632053848834914, 16.860838451938488 ], [ 77.631659733579184, 16.861130747733185 ], [ 77.631296166094074, 16.861460266094067 ], [ 77.630966647733189, 16.86182383357918 ], [ 77.630674351938495, 16.8622179488349 ], [ 77.630422093678263, 16.862638816315869 ], [ 77.630212302337455, 16.863082382838172 ], [ 77.630046998321347, 16.863544376613728 ], [ 77.629927773597984, 16.864020348389918 ], [ 77.629855776366639, 16.86450571429835 ], [ 77.629831700000011, 16.8649958 ], [ 77.629855776366639, 16.865485885701649 ], [ 77.629927773597984, 16.86597125161008 ], [ 77.630046998321347, 16.86644722338627 ], [ 77.630212302337455, 16.866909217161826 ], [ 77.630422093678263, 16.867352783684129 ], [ 77.630674351938495, 16.867773651165098 ], [ 77.630966647733189, 16.868167766420818 ], [ 77.631296166094074, 16.868531333905931 ], [ 77.631659733579184, 16.868860852266813 ], [ 77.632053848834914, 16.86915314806151 ], [ 77.632474716315883, 16.869405406321739 ], [ 77.632918282838176, 16.869615197662554 ], [ 77.633380276613735, 16.869780501678662 ], [ 77.633856248389932, 16.869899726402014 ], [ 77.634341614298364, 16.869971723633359 ], [ 77.6348317, 16.8699958 ], [ 77.635321785701649, 16.869971723633359 ], [ 77.635807151610081, 16.869899726402014 ], [ 77.636283123386278, 16.869780501678662 ], [ 77.636745117161837, 16.869615197662554 ], [ 77.63718868368413, 16.869405406321739 ], [ 77.637609551165099, 16.86915314806151 ], [ 77.638003666420829, 16.868860852266813 ], [ 77.638367233905939, 16.868531333905931 ], [ 77.638696752266824, 16.868167766420818 ], [ 77.638719327607035, 16.868137327098243 ], [ 77.638729051938483, 16.868153551165101 ], [ 77.639021347733177, 16.86854766642082 ], [ 77.639350866094063, 16.868911233905933 ], [ 77.639714433579172, 16.869240752266816 ], [ 77.640108548834903, 16.869533048061513 ], [ 77.640529416315871, 16.869785306321742 ], [ 77.640972982838164, 16.869995097662557 ], [ 77.641434976613724, 16.870160401678664 ], [ 77.641910948389921, 16.870279626402017 ], [ 77.642396314298352, 16.870351623633361 ], [ 77.6428864, 16.8703757 ], [ 77.643376485701637, 16.870351623633361 ], [ 77.643833625135542, 16.87028381340399 ], [ 77.643824473597974, 16.870320348389917 ], [ 77.643752476366629, 16.870805714298349 ], [ 77.6437284, 16.8712958 ], [ 77.643752476366629, 16.871785885701648 ], [ 77.643824473597974, 16.87227125161008 ], [ 77.643943698321337, 16.87274722338627 ], [ 77.644109002337444, 16.873209217161826 ], [ 77.644318793678252, 16.873652783684129 ], [ 77.644571051938485, 16.874073651165098 ], [ 77.644863347733178, 16.874467766420818 ], [ 77.645192866094064, 16.874831333905931 ], [ 77.645556433579173, 16.875160852266813 ], [ 77.645950548834904, 16.87545314806151 ], [ 77.646371416315873, 16.875705406321739 ], [ 77.646814982838166, 16.875915197662554 ], [ 77.647276976613725, 16.876080501678661 ], [ 77.647752948389922, 16.876199726402014 ], [ 77.648238314298354, 16.876271723633359 ], [ 77.6487284, 16.8762958 ], [ 77.649218485701638, 16.876271723633359 ], [ 77.64970385161007, 16.876199726402014 ], [ 77.650179823386267, 16.876080501678661 ], [ 77.650641817161826, 16.875915197662554 ], [ 77.651085383684119, 16.875705406321739 ], [ 77.651506251165088, 16.87545314806151 ], [ 77.651900366420819, 16.875160852266813 ], [ 77.652263933905928, 16.874831333905931 ], [ 77.652593452266814, 16.874467766420818 ], [ 77.652885748061507, 16.874073651165098 ], [ 77.65313800632174, 16.873652783684129 ], [ 77.653347797662548, 16.873209217161826 ], [ 77.653513101678655, 16.87274722338627 ], [ 77.653632326402018, 16.87227125161008 ], [ 77.653704323633363, 16.871785885701648 ], [ 77.6537284, 16.8712958 ], [ 77.653704323633363, 16.870805714298349 ], [ 77.653632326402018, 16.870320348389917 ], [ 77.653513101678655, 16.869844376613727 ], [ 77.653347797662548, 16.869382382838172 ], [ 77.65313800632174, 16.868938816315868 ], [ 77.652885748061507, 16.868517948834899 ], [ 77.652593452266814, 16.86812383357918 ], [ 77.652263933905928, 16.867760266094066 ], [ 77.651900366420819, 16.867430747733184 ], [ 77.651506251165088, 16.867138451938487 ], [ 77.651085383684119, 16.866886193678258 ], [ 77.650641817161826, 16.866676402337443 ], [ 77.650179823386267, 16.866511098321336 ], [ 77.64970385161007, 16.866391873597983 ], [ 77.649218485701638, 16.866319876366639 ], [ 77.6487284, 16.8662958 ], [ 77.648238314298354, 16.866319876366639 ], [ 77.647936244842413, 16.86636468413769 ], [ 77.647963897662549, 16.866306217161828 ], [ 77.648129201678657, 16.865844223386272 ], [ 77.64824842640202, 16.865368251610082 ], [ 77.648320423633365, 16.86488288570165 ], [ 77.6483445, 16.8643928 ], [ 77.648320423633365, 16.863902714298352 ], [ 77.64824842640202, 16.86341734838992 ], [ 77.648129201678657, 16.86294137661373 ], [ 77.647963897662549, 16.862479382838174 ], [ 77.647754106321742, 16.862035816315871 ], [ 77.647501848061509, 16.861614948834902 ], [ 77.647209552266816, 16.861220833579182 ], [ 77.64688003390593, 16.860857266094069 ], [ 77.64651646642082, 16.860527747733187 ], [ 77.64612235116509, 16.86023545193849 ], [ 77.645701483684121, 16.859983193678261 ], [ 77.645257917161828, 16.859773402337446 ], [ 77.644795923386269, 16.859608098321338 ], [ 77.644731957485121, 16.859592075697204 ], [ 77.644674351165094, 16.85954935193849 ], [ 77.644253483684125, 16.859297093678261 ], [ 77.643809917161832, 16.859087302337446 ], [ 77.643347923386273, 16.858921998321339 ], [ 77.642871951610076, 16.858802773597986 ], [ 77.642386585701644, 16.858730776366642 ], [ 77.6418965, 16.8587067 ], [ 77.641464735627579, 16.858727911223461 ], [ 77.641334633905927, 16.858584366094068 ], [ 77.640971066420818, 16.858254847733185 ], [ 77.640576951165087, 16.857962551938488 ], [ 77.640156083684118, 16.857710293678259 ], [ 77.639712517161826, 16.857500502337444 ], [ 77.639250523386266, 16.857335198321337 ], [ 77.638774551610069, 16.857215973597985 ], [ 77.638289185701638, 16.85714397636664 ], [ 77.6377991, 16.8571199 ], [ 77.637309014298353, 16.85714397636664 ], [ 77.636823648389921, 16.857215973597985 ] ] ], [ [ [ 77.620353923386276, 16.878486998321339 ], [ 77.619877951610079, 16.878367773597986 ], [ 77.619392585701647, 16.878295776366642 ], [ 77.6189025, 16.8782717 ], [ 77.618412414298362, 16.878295776366642 ], [ 77.61792704838993, 16.878367773597986 ], [ 77.617451076613733, 16.878486998321339 ], [ 77.616989082838174, 16.878652302337446 ], [ 77.616545516315881, 16.878862093678261 ], [ 77.616124648834912, 16.87911435193849 ], [ 77.615730533579182, 16.879406647733187 ], [ 77.615366966094072, 16.879736166094069 ], [ 77.615037447733187, 16.880099733579183 ], [ 77.614745151938493, 16.880493848834902 ], [ 77.614492893678261, 16.880914716315871 ], [ 77.614283102337453, 16.881358282838175 ], [ 77.614117798321345, 16.88182027661373 ], [ 77.613998573597982, 16.88229624838992 ], [ 77.613926576366637, 16.882781614298352 ], [ 77.6139025, 16.8832717 ], [ 77.613926576366637, 16.883761785701651 ], [ 77.613998573597982, 16.884247151610083 ], [ 77.614117798321345, 16.884723123386273 ], [ 77.614283102337453, 16.885185117161829 ], [ 77.614492893678261, 16.885628683684132 ], [ 77.614745151938493, 16.886049551165101 ], [ 77.615037447733187, 16.886443666420821 ], [ 77.615366966094072, 16.886807233905934 ], [ 77.615730533579182, 16.887136752266816 ], [ 77.616124648834912, 16.887429048061513 ], [ 77.616545516315881, 16.887681306321742 ], [ 77.616989082838174, 16.887891097662557 ], [ 77.617451076613733, 16.888056401678664 ], [ 77.61792704838993, 16.888175626402017 ], [ 77.618412414298362, 16.888247623633362 ], [ 77.6189025, 16.8882717 ], [ 77.619392585701647, 16.888247623633362 ], [ 77.619877951610079, 16.888175626402017 ], [ 77.620353923386276, 16.888056401678664 ], [ 77.620815917161835, 16.887891097662557 ], [ 77.621259483684128, 16.887681306321742 ], [ 77.621680351165097, 16.887429048061513 ], [ 77.622074466420827, 16.887136752266816 ], [ 77.622438033905937, 16.886807233905934 ], [ 77.622767552266822, 16.886443666420821 ], [ 77.623059848061516, 16.886049551165101 ], [ 77.623312106321748, 16.885628683684132 ], [ 77.623521897662556, 16.885185117161829 ], [ 77.623687201678663, 16.884723123386273 ], [ 77.623806426402027, 16.884247151610083 ], [ 77.623878423633371, 16.883761785701651 ], [ 77.6239025, 16.8832717 ], [ 77.623878423633371, 16.882781614298352 ], [ 77.623806426402027, 16.88229624838992 ], [ 77.623687201678663, 16.88182027661373 ], [ 77.623521897662556, 16.881358282838175 ], [ 77.623312106321748, 16.880914716315871 ], [ 77.623059848061516, 16.880493848834902 ], [ 77.622767552266822, 16.880099733579183 ], [ 77.622438033905937, 16.879736166094069 ], [ 77.622074466420827, 16.879406647733187 ], [ 77.621680351165097, 16.87911435193849 ], [ 77.621259483684128, 16.878862093678261 ], [ 77.620815917161835, 16.878652302337446 ], [ 77.620353923386276, 16.878486998321339 ] ] ], [ [ [ 77.705677985701641, 16.922078976366642 ], [ 77.7051879, 16.9220549 ], [ 77.704697814298356, 16.922078976366642 ], [ 77.704212448389924, 16.922150973597986 ], [ 77.703736476613727, 16.922270198321339 ], [ 77.703274482838168, 16.922435502337446 ], [ 77.702830916315875, 16.922645293678261 ], [ 77.702410048834906, 16.92289755193849 ], [ 77.702015933579176, 16.923189847733187 ], [ 77.701665498810129, 16.923507463294044 ], [ 77.701659551610078, 16.923505973597983 ], [ 77.701174185701646, 16.923433976366638 ], [ 77.7006841, 16.9234099 ], [ 77.700194014298361, 16.923433976366638 ], [ 77.69970864838993, 16.923505973597983 ], [ 77.699246051495962, 16.923621848087745 ], [ 77.6990863, 16.923614 ], [ 77.698596214298362, 16.92363807636664 ], [ 77.698110848389931, 16.923710073597984 ], [ 77.697634876613733, 16.923829298321337 ], [ 77.697172882838174, 16.923994602337444 ], [ 77.696729316315881, 16.924204393678259 ], [ 77.696308448834912, 16.924456651938488 ], [ 77.695914333579182, 16.924748947733185 ], [ 77.695550766094073, 16.925078466094067 ], [ 77.695221247733187, 16.925442033579181 ], [ 77.694928951938493, 16.9258361488349 ], [ 77.694676693678261, 16.926257016315869 ], [ 77.694466902337453, 16.926700582838173 ], [ 77.694301598321346, 16.927162576613728 ], [ 77.694182373597982, 16.927638548389918 ], [ 77.694110376366638, 16.92812391429835 ], [ 77.6940863, 16.928614 ], [ 77.694110376366638, 16.929104085701649 ], [ 77.694182373597982, 16.929589451610081 ], [ 77.694301598321346, 16.930065423386271 ], [ 77.694466902337453, 16.930527417161827 ], [ 77.694676693678261, 16.93097098368413 ], [ 77.694928951938493, 16.931391851165099 ], [ 77.695221247733187, 16.931785966420819 ], [ 77.695550766094073, 16.932149533905932 ], [ 77.695878661662306, 16.932446721125942 ], [ 77.696001551938494, 16.9326517511651 ], [ 77.696293847733187, 16.933045866420819 ], [ 77.696623366094073, 16.933409433905933 ], [ 77.696986933579183, 16.933738952266815 ], [ 77.697381048834913, 16.934031248061512 ], [ 77.697801916315882, 16.934283506321741 ], [ 77.698245482838175, 16.934493297662556 ], [ 77.698707476613734, 16.934658601678663 ], [ 77.699183448389931, 16.934777826402016 ], [ 77.699668814298363, 16.93484982363336 ], [ 77.7001589, 16.9348739 ], [ 77.700648985701648, 16.93484982363336 ], [ 77.701134351610079, 16.934777826402016 ], [ 77.701610323386276, 16.934658601678663 ], [ 77.702072317161836, 16.934493297662556 ], [ 77.702515883684129, 16.934283506321741 ], [ 77.702936751165097, 16.934031248061512 ], [ 77.703330866420828, 16.933738952266815 ], [ 77.703694433905937, 16.933409433905933 ], [ 77.704023952266823, 16.933045866420819 ], [ 77.704316248061517, 16.9326517511651 ], [ 77.704568506321749, 16.932230883684131 ], [ 77.704665401673907, 16.932026015674705 ], [ 77.704697814298356, 16.932030823633362 ], [ 77.7051879, 16.9320549 ], [ 77.705677985701641, 16.932030823633362 ], [ 77.706163351610073, 16.931958826402017 ], [ 77.70663932338627, 16.931839601678664 ], [ 77.707101317161829, 16.931674297662557 ], [ 77.707544883684122, 16.931464506321742 ], [ 77.707965751165091, 16.931212248061513 ], [ 77.708359866420821, 16.930919952266816 ], [ 77.708723433905931, 16.930590433905934 ], [ 77.709052952266816, 16.930226866420821 ], [ 77.70934524806151, 16.929832751165101 ], [ 77.709597506321742, 16.929411883684132 ], [ 77.70980729766255, 16.928968317161829 ], [ 77.709972601678658, 16.928506323386273 ], [ 77.710091826402021, 16.928030351610083 ], [ 77.710163823633366, 16.927544985701651 ], [ 77.7101879, 16.9270549 ], [ 77.710163823633366, 16.926564814298352 ], [ 77.710091826402021, 16.92607944838992 ], [ 77.709972601678658, 16.92560347661373 ], [ 77.70980729766255, 16.925141482838175 ], [ 77.709597506321742, 16.924697916315871 ], [ 77.70934524806151, 16.924277048834902 ], [ 77.709052952266816, 16.923882933579183 ], [ 77.708723433905931, 16.923519366094069 ], [ 77.708359866420821, 16.923189847733187 ], [ 77.707965751165091, 16.92289755193849 ], [ 77.707544883684122, 16.922645293678261 ], [ 77.707101317161829, 16.922435502337446 ], [ 77.70663932338627, 16.922270198321339 ], [ 77.706163351610073, 16.922150973597986 ], [ 77.705677985701641, 16.922078976366642 ] ] ], [ [ [ 77.680224314298357, 16.959657676366639 ], [ 77.679738948389925, 16.959729673597984 ], [ 77.679262976613728, 16.959848898321336 ], [ 77.678800982838169, 16.960014202337444 ], [ 77.678357416315876, 16.960223993678259 ], [ 77.677936548834907, 16.960476251938488 ], [ 77.677542433579177, 16.960768547733185 ], [ 77.677178866094067, 16.961098066094067 ], [ 77.676849347733182, 16.96146163357918 ], [ 77.676557051938488, 16.9618557488349 ], [ 77.676304793678256, 16.962276616315869 ], [ 77.676095002337448, 16.962720182838172 ], [ 77.67592969832134, 16.963182176613728 ], [ 77.675810473597977, 16.963658148389918 ], [ 77.675738476366632, 16.96414351429835 ], [ 77.6757144, 16.9646336 ], [ 77.675738476366632, 16.965123685701649 ], [ 77.675810473597977, 16.96560905161008 ], [ 77.67592969832134, 16.96608502338627 ], [ 77.676095002337448, 16.966547017161826 ], [ 77.676304793678256, 16.966990583684129 ], [ 77.676319551942399, 16.967015206360305 ], [ 77.676333493678257, 16.967044683684129 ], [ 77.676585751938489, 16.967465551165098 ], [ 77.676878047733183, 16.967859666420818 ], [ 77.677207566094069, 16.968223233905931 ], [ 77.677571133579178, 16.968552752266813 ], [ 77.677965248834909, 16.96884504806151 ], [ 77.678386116315878, 16.969097306321739 ], [ 77.67882968283817, 16.969307097662554 ], [ 77.67929167661373, 16.969472401678662 ], [ 77.679767648389927, 16.969591626402014 ], [ 77.680253014298358, 16.969663623633359 ], [ 77.6807431, 16.9696877 ], [ 77.681233185701643, 16.969663623633359 ], [ 77.681718551610075, 16.969591626402014 ], [ 77.682194523386272, 16.969472401678662 ], [ 77.682656517161831, 16.969307097662554 ], [ 77.683100083684124, 16.969097306321739 ], [ 77.683520951165093, 16.96884504806151 ], [ 77.683915066420823, 16.968552752266813 ], [ 77.684278633905933, 16.968223233905931 ], [ 77.684608152266819, 16.967859666420818 ], [ 77.684900448061512, 16.967465551165098 ], [ 77.685152706321745, 16.967044683684129 ], [ 77.685362497662553, 16.966601117161826 ], [ 77.68552780167866, 16.96613912338627 ], [ 77.685647026402023, 16.96566315161008 ], [ 77.685719023633368, 16.965177785701648 ], [ 77.6857431, 16.9646877 ], [ 77.685719023633368, 16.964197614298349 ], [ 77.685647026402023, 16.963712248389918 ], [ 77.68552780167866, 16.963236276613728 ], [ 77.685362497662553, 16.962774282838172 ], [ 77.685152706321745, 16.962330716315869 ], [ 77.685137948057601, 16.962306093639693 ], [ 77.685124006321743, 16.962276616315869 ], [ 77.684871748061511, 16.9618557488349 ], [ 77.684579452266817, 16.96146163357918 ], [ 77.684249933905932, 16.961098066094067 ], [ 77.683886366420822, 16.960768547733185 ], [ 77.683492251165092, 16.960476251938488 ], [ 77.683071383684123, 16.960223993678259 ], [ 77.68262781716183, 16.960014202337444 ], [ 77.682165823386271, 16.959848898321336 ], [ 77.681689851610074, 16.959729673597984 ], [ 77.681204485701642, 16.959657676366639 ], [ 77.6807144, 16.9596336 ], [ 77.680224314298357, 16.959657676366639 ] ] ], [ [ [ 77.675199617161837, 16.984016102337446 ], [ 77.674737623386278, 16.983850798321338 ], [ 77.674261651610081, 16.983731573597986 ], [ 77.673776285701649, 16.983659576366641 ], [ 77.6732862, 16.9836355 ], [ 77.672796114298365, 16.983659576366641 ], [ 77.672310748389933, 16.983731573597986 ], [ 77.671834776613736, 16.983850798321338 ], [ 77.671372782838176, 16.984016102337446 ], [ 77.670986129448522, 16.984198975771235 ], [ 77.670663117161837, 16.984046202337446 ], [ 77.670201123386278, 16.983880898321338 ], [ 77.669725151610081, 16.983761673597986 ], [ 77.66953755014859, 16.983733845549931 ], [ 77.669168223386265, 16.983601698321337 ], [ 77.668692251610068, 16.983482473597984 ], [ 77.668206885701636, 16.98341047636664 ], [ 77.6677168, 16.9833864 ], [ 77.667226714298351, 16.98341047636664 ], [ 77.66674134838992, 16.983482473597984 ], [ 77.666265376613723, 16.983601698321337 ], [ 77.665803382838163, 16.983767002337444 ], [ 77.66535981631587, 16.983976793678259 ], [ 77.664938948834902, 16.984229051938488 ], [ 77.664544833579171, 16.984521347733185 ], [ 77.664181266094062, 16.984850866094067 ], [ 77.664017507258791, 16.985031546125803 ], [ 77.663842166094071, 16.985190466094068 ], [ 77.663512647733185, 16.985554033579181 ], [ 77.663220351938492, 16.9859481488349 ], [ 77.662968093678259, 16.986369016315869 ], [ 77.662758302337451, 16.986812582838173 ], [ 77.662592998321344, 16.987274576613729 ], [ 77.662473773597981, 16.987750548389918 ], [ 77.662401776366636, 16.98823591429835 ], [ 77.6623777, 16.988726 ], [ 77.662401776366636, 16.989216085701649 ], [ 77.66240800339385, 16.989258064909286 ], [ 77.6624005, 16.9894108 ], [ 77.662424576366632, 16.989900885701651 ], [ 77.662496573597977, 16.990386251610083 ], [ 77.66261579832134, 16.990862223386273 ], [ 77.662781102337448, 16.991324217161829 ], [ 77.662990893678256, 16.991767783684132 ], [ 77.663243151938488, 16.992188651165101 ], [ 77.663535447733182, 16.992582766420821 ], [ 77.663864966094067, 16.992946333905934 ], [ 77.664228533579177, 16.993275852266816 ], [ 77.664622648834907, 16.993568148061513 ], [ 77.665043516315876, 16.993820406321742 ], [ 77.665487082838169, 16.994030197662557 ], [ 77.665949076613728, 16.994195501678664 ], [ 77.666425048389925, 16.994314726402017 ], [ 77.666910414298357, 16.994386723633362 ], [ 77.6674005, 16.9944108 ], [ 77.667890585701642, 16.994386723633362 ], [ 77.668375951610074, 16.994314726402017 ], [ 77.668851923386271, 16.994195501678664 ], [ 77.66931391716183, 16.994030197662557 ], [ 77.669531874366115, 16.993927111582281 ], [ 77.669629723386265, 16.993902601678663 ], [ 77.670091717161824, 16.993737297662555 ], [ 77.670535283684117, 16.99352750632174 ], [ 77.670956151165086, 16.993275248061511 ], [ 77.671135139936993, 16.993142500941051 ], [ 77.671372782838176, 16.993254897662556 ], [ 77.671834776613736, 16.993420201678664 ], [ 77.672310748389933, 16.993539426402016 ], [ 77.672796114298365, 16.993611423633361 ], [ 77.6732862, 16.9936355 ], [ 77.673776285701649, 16.993611423633361 ], [ 77.674261651610081, 16.993539426402016 ], [ 77.674737623386278, 16.993420201678664 ], [ 77.675199617161837, 16.993254897662556 ], [ 77.67564318368413, 16.993045106321741 ], [ 77.676064051165099, 16.992792848061512 ], [ 77.676458166420829, 16.992500552266815 ], [ 77.676821733905939, 16.992171033905933 ], [ 77.677151252266825, 16.99180746642082 ], [ 77.677443548061518, 16.9914133511651 ], [ 77.677695806321751, 16.990992483684131 ], [ 77.677905597662559, 16.990548917161828 ], [ 77.678070901678666, 16.990086923386272 ], [ 77.678190126402029, 16.989610951610082 ], [ 77.678262123633374, 16.98912558570165 ], [ 77.6782862, 16.9886355 ], [ 77.678262123633374, 16.988145414298351 ], [ 77.678190126402029, 16.98766004838992 ], [ 77.678070901678666, 16.98718407661373 ], [ 77.677905597662559, 16.986722082838174 ], [ 77.677695806321751, 16.98627851631587 ], [ 77.677443548061518, 16.985857648834902 ], [ 77.677151252266825, 16.985463533579182 ], [ 77.676821733905939, 16.985099966094069 ], [ 77.676458166420829, 16.984770447733187 ], [ 77.676064051165099, 16.98447815193849 ], [ 77.67564318368413, 16.984225893678261 ], [ 77.675199617161837, 16.984016102337446 ] ] ], [ [ [ 77.691214717161827, 17.010099602337444 ], [ 77.690752723386268, 17.009934298321337 ], [ 77.690276751610071, 17.009815073597984 ], [ 77.689791385701639, 17.00974307636664 ], [ 77.6893013, 17.009719 ], [ 77.688811214298354, 17.00974307636664 ], [ 77.688325848389923, 17.009815073597984 ], [ 77.687849876613726, 17.009934298321337 ], [ 77.687387882838166, 17.010099602337444 ], [ 77.686944316315873, 17.010309393678259 ], [ 77.686523448834905, 17.010561651938488 ], [ 77.686129333579174, 17.010853947733185 ], [ 77.685765766094065, 17.011183466094067 ], [ 77.685436247733179, 17.011547033579181 ], [ 77.685143951938485, 17.0119411488349 ], [ 77.684891693678253, 17.012362016315869 ], [ 77.684681902337445, 17.012805582838173 ], [ 77.684516598321338, 17.013267576613728 ], [ 77.684397373597974, 17.013743548389918 ], [ 77.68432537636663, 17.01422891429835 ], [ 77.6843013, 17.014719 ], [ 77.68432537636663, 17.015209085701649 ], [ 77.684397373597974, 17.015694451610081 ], [ 77.684516598321338, 17.016170423386271 ], [ 77.684681902337445, 17.016632417161826 ], [ 77.684891693678253, 17.01707598368413 ], [ 77.685143951938485, 17.017496851165099 ], [ 77.685436247733179, 17.017890966420818 ], [ 77.685765766094065, 17.018254533905932 ], [ 77.686129333579174, 17.018584052266814 ], [ 77.686523448834905, 17.018876348061511 ], [ 77.686944316315873, 17.01912860632174 ], [ 77.687387882838166, 17.019338397662555 ], [ 77.687849876613726, 17.019503701678662 ], [ 77.688325848389923, 17.019622926402015 ], [ 77.688811214298354, 17.019694923633359 ], [ 77.6893013, 17.019719 ], [ 77.689791385701639, 17.019694923633359 ], [ 77.690276751610071, 17.019622926402015 ], [ 77.690752723386268, 17.019503701678662 ], [ 77.691214717161827, 17.019338397662555 ], [ 77.69165828368412, 17.01912860632174 ], [ 77.692079151165089, 17.018876348061511 ], [ 77.692473266420819, 17.018584052266814 ], [ 77.692836833905929, 17.018254533905932 ], [ 77.693166352266815, 17.017890966420818 ], [ 77.693458648061508, 17.017496851165099 ], [ 77.693710906321741, 17.01707598368413 ], [ 77.693920697662548, 17.016632417161826 ], [ 77.694086001678656, 17.016170423386271 ], [ 77.694205226402019, 17.015694451610081 ], [ 77.694277223633364, 17.015209085701649 ], [ 77.6943013, 17.014719 ], [ 77.694277223633364, 17.01422891429835 ], [ 77.694205226402019, 17.013743548389918 ], [ 77.694086001678656, 17.013267576613728 ], [ 77.693920697662548, 17.012805582838173 ], [ 77.693710906321741, 17.012362016315869 ], [ 77.693458648061508, 17.0119411488349 ], [ 77.693166352266815, 17.011547033579181 ], [ 77.692836833905929, 17.011183466094067 ], [ 77.692473266420819, 17.010853947733185 ], [ 77.692079151165089, 17.010561651938488 ], [ 77.69165828368412, 17.010309393678259 ], [ 77.691214717161827, 17.010099602337444 ] ] ], [ [ [ 77.76930224838992, 16.584070573597984 ], [ 77.768826276613723, 16.584189798321336 ], [ 77.768364282838164, 16.584355102337444 ], [ 77.768035820107528, 16.584510453639233 ], [ 77.767605282838176, 16.584664502337446 ], [ 77.767161716315883, 16.584874293678261 ], [ 77.766740848834914, 16.58512655193849 ], [ 77.766346733579184, 16.585418847733187 ], [ 77.765983166094074, 16.585748366094069 ], [ 77.765653647733188, 16.586111933579183 ], [ 77.765361351938495, 16.586506048834902 ], [ 77.765109093678262, 16.586926916315871 ], [ 77.764899302337454, 16.587370482838175 ], [ 77.764733998321347, 16.58783247661373 ], [ 77.764614773597984, 16.58830844838992 ], [ 77.764542776366639, 16.588793814298352 ], [ 77.764518700000011, 16.5892839 ], [ 77.764542776366639, 16.589773985701651 ], [ 77.764614773597984, 16.590259351610083 ], [ 77.764733998321347, 16.590735323386273 ], [ 77.764899302337454, 16.591197317161829 ], [ 77.765109093678262, 16.591640883684132 ], [ 77.765361351938495, 16.592061751165101 ], [ 77.765653647733188, 16.592455866420821 ], [ 77.765983166094074, 16.592819433905934 ], [ 77.766346733579184, 16.593148952266816 ], [ 77.766434337529404, 16.593213923784351 ], [ 77.766517098321344, 16.593544323386272 ], [ 77.766682402337452, 16.594006317161828 ], [ 77.76689219367826, 16.594449883684131 ], [ 77.767144451938492, 16.5948707511651 ], [ 77.767436747733186, 16.59526486642082 ], [ 77.767766266094071, 16.595628433905933 ], [ 77.768129833579181, 16.595957952266815 ], [ 77.768523948834911, 16.596250248061512 ], [ 77.76894481631588, 16.596502506321741 ], [ 77.769388382838173, 16.596712297662556 ], [ 77.769850376613732, 16.596877601678663 ], [ 77.770326348389929, 16.596996826402016 ], [ 77.770811714298361, 16.597068823633361 ], [ 77.7713018, 16.5970929 ], [ 77.771556990898731, 16.597080363275055 ], [ 77.771578798321343, 16.597167423386271 ], [ 77.771661335614155, 16.597398099666414 ], [ 77.771548251610071, 16.597369773597986 ], [ 77.771062885701639, 16.597297776366641 ], [ 77.7705728, 16.5972737 ], [ 77.770082714298354, 16.597297776366641 ], [ 77.769597348389922, 16.597369773597986 ], [ 77.769559260741119, 16.597379314057356 ], [ 77.7693371, 16.5973684 ], [ 77.768847014298359, 16.59739247636664 ], [ 77.768361648389927, 16.597464473597984 ], [ 77.76788567661373, 16.597583698321337 ], [ 77.767423682838171, 16.597749002337444 ], [ 77.766980116315878, 16.597958793678259 ], [ 77.766559248834909, 16.598211051938488 ], [ 77.766165133579179, 16.598503347733185 ], [ 77.765801566094069, 16.598832866094067 ], [ 77.765472047733184, 16.599196433579181 ], [ 77.76517975193849, 16.5995905488349 ], [ 77.764927493678258, 16.600011416315869 ], [ 77.76471770233745, 16.600454982838173 ], [ 77.764552398321342, 16.600916976613728 ], [ 77.764433173597979, 16.601392948389918 ], [ 77.764361176366634, 16.60187831429835 ], [ 77.7643371, 16.6023684 ], [ 77.764361176366634, 16.602858485701649 ], [ 77.764433173597979, 16.603343851610081 ], [ 77.764552398321342, 16.603819823386271 ], [ 77.76471770233745, 16.604281817161826 ], [ 77.764927493678258, 16.60472538368413 ], [ 77.76517975193849, 16.605146251165099 ], [ 77.765472047733184, 16.605540366420819 ], [ 77.765801566094069, 16.605903933905932 ], [ 77.766165133579179, 16.606233452266814 ], [ 77.766559248834909, 16.606525748061511 ], [ 77.766980116315878, 16.60677800632174 ], [ 77.767423682838171, 16.606987797662555 ], [ 77.76788567661373, 16.607153101678662 ], [ 77.768361648389927, 16.607272326402015 ], [ 77.768847014298359, 16.60734432363336 ], [ 77.7693371, 16.6073684 ], [ 77.769827185701644, 16.60734432363336 ], [ 77.770312551610076, 16.607272326402015 ], [ 77.770350639258879, 16.607262785942645 ], [ 77.7705728, 16.6072737 ], [ 77.771062885701639, 16.607249623633361 ], [ 77.771548251610071, 16.607177626402017 ], [ 77.772024223386268, 16.607058401678664 ], [ 77.772486217161827, 16.606893097662557 ], [ 77.77292978368412, 16.606683306321742 ], [ 77.773350651165089, 16.606431048061513 ], [ 77.773744766420819, 16.606138752266816 ], [ 77.774108333905929, 16.605809233905934 ], [ 77.774437852266814, 16.60544566642082 ], [ 77.774730148061508, 16.605051551165101 ], [ 77.77498240632174, 16.604630683684132 ], [ 77.775192197662548, 16.604187117161828 ], [ 77.775357501678656, 16.603725123386273 ], [ 77.775476726402019, 16.603249151610083 ], [ 77.775548723633364, 16.602763785701651 ], [ 77.7755728, 16.6022737 ], [ 77.775548723633364, 16.601783614298352 ], [ 77.775476726402019, 16.60129824838992 ], [ 77.775357501678656, 16.60082227661373 ], [ 77.775274964385844, 16.600591600333587 ], [ 77.775388048389928, 16.600619926402015 ], [ 77.77587341429836, 16.600691923633359 ], [ 77.7763635, 16.600716 ], [ 77.776853585701645, 16.600691923633359 ], [ 77.777338951610076, 16.600619926402015 ], [ 77.777814923386273, 16.600500701678662 ], [ 77.778276917161833, 16.600335397662555 ], [ 77.778720483684125, 16.60012560632174 ], [ 77.779141351165094, 16.599873348061511 ], [ 77.779535466420825, 16.599581052266814 ], [ 77.779899033905934, 16.599251533905932 ], [ 77.78022855226682, 16.598887966420818 ], [ 77.780520848061514, 16.598493851165099 ], [ 77.780773106321746, 16.59807298368413 ], [ 77.780982897662554, 16.597629417161826 ], [ 77.781148201678661, 16.597167423386271 ], [ 77.781267426402025, 16.596691451610081 ], [ 77.781339423633369, 16.596206085701649 ], [ 77.7813635, 16.595716 ], [ 77.781339423633369, 16.59522591429835 ], [ 77.781267426402025, 16.594740548389918 ], [ 77.781148201678661, 16.594264576613728 ], [ 77.780982897662554, 16.593802582838173 ], [ 77.780773106321746, 16.593359016315869 ], [ 77.780520848061514, 16.5929381488349 ], [ 77.78022855226682, 16.592544033579181 ], [ 77.779899033905934, 16.592180466094067 ], [ 77.779535466420825, 16.591850947733185 ], [ 77.779141351165094, 16.591558651938488 ], [ 77.778720483684125, 16.591306393678259 ], [ 77.778276917161833, 16.591096602337444 ], [ 77.777814923386273, 16.590931298321337 ], [ 77.777366858820869, 16.590819063990381 ], [ 77.7773771, 16.5906106 ], [ 77.777353023633367, 16.590120514298352 ], [ 77.777281026402022, 16.58963514838992 ], [ 77.777161801678659, 16.58915917661373 ], [ 77.776996497662552, 16.588697182838175 ], [ 77.776786706321744, 16.588253616315871 ], [ 77.776534448061511, 16.587832748834902 ], [ 77.776242152266818, 16.587438633579183 ], [ 77.775912633905932, 16.587075066094069 ], [ 77.775549066420822, 16.586745547733187 ], [ 77.775154951165092, 16.58645325193849 ], [ 77.774734083684123, 16.586200993678261 ], [ 77.77429051716183, 16.585991202337446 ], [ 77.774279847064861, 16.585987384515704 ], [ 77.774142752266812, 16.58580253357918 ], [ 77.773813233905926, 16.585438966094067 ], [ 77.773449666420817, 16.585109447733185 ], [ 77.773055551165086, 16.584817151938488 ], [ 77.772634683684117, 16.584564893678259 ], [ 77.772191117161825, 16.584355102337444 ], [ 77.771729123386265, 16.584189798321336 ], [ 77.771253151610068, 16.584070573597984 ], [ 77.770767785701636, 16.583998576366639 ], [ 77.7702777, 16.5839745 ], [ 77.769787614298352, 16.583998576366639 ], [ 77.76930224838992, 16.584070573597984 ] ] ], [ [ [ 77.717531782838165, 16.587534102337443 ], [ 77.717088216315872, 16.587743893678258 ], [ 77.716667348834903, 16.587996151938487 ], [ 77.716273233579173, 16.588288447733184 ], [ 77.715909666094063, 16.588617966094066 ], [ 77.715580147733178, 16.588981533579179 ], [ 77.715287851938484, 16.589375648834899 ], [ 77.715035593678252, 16.589796516315868 ], [ 77.714825802337444, 16.590240082838172 ], [ 77.714660498321336, 16.590702076613727 ], [ 77.714541273597973, 16.591178048389917 ], [ 77.714469276366628, 16.591663414298349 ], [ 77.7144452, 16.5921535 ], [ 77.714469276366628, 16.592643585701648 ], [ 77.714541273597973, 16.59312895161008 ], [ 77.714660498321336, 16.59360492338627 ], [ 77.714825802337444, 16.594066917161825 ], [ 77.715035593678252, 16.594510483684129 ], [ 77.715287851938484, 16.594931351165098 ], [ 77.715580147733178, 16.595325466420817 ], [ 77.715581255521656, 16.595326688677048 ], [ 77.715493117161827, 16.595285002337445 ], [ 77.715031123386268, 16.595119698321337 ], [ 77.714555151610071, 16.595000473597985 ], [ 77.714069785701639, 16.59492847636664 ], [ 77.7135797, 16.5949044 ], [ 77.713089614298354, 16.59492847636664 ], [ 77.712604248389923, 16.595000473597985 ], [ 77.712128276613726, 16.595119698321337 ], [ 77.711666282838166, 16.595285002337445 ], [ 77.711222716315874, 16.59549479367826 ], [ 77.710801848834905, 16.595747051938488 ], [ 77.710407733579174, 16.596039347733186 ], [ 77.710044166094065, 16.596368866094068 ], [ 77.709714647733179, 16.596732433579181 ], [ 77.709422351938485, 16.5971265488349 ], [ 77.709170093678253, 16.597547416315869 ], [ 77.708960302337445, 16.597990982838173 ], [ 77.708794998321338, 16.598452976613729 ], [ 77.708675773597975, 16.598928948389919 ], [ 77.70860377636663, 16.59941431429835 ], [ 77.7085797, 16.5999044 ], [ 77.70860377636663, 16.600394485701649 ], [ 77.708675773597975, 16.600879851610081 ], [ 77.708794998321338, 16.601355823386271 ], [ 77.708960302337445, 16.601817817161827 ], [ 77.709170093678253, 16.60226138368413 ], [ 77.709267987760384, 16.602424710092979 ], [ 77.70925720000001, 16.6026443 ], [ 77.709281276366639, 16.603134385701651 ], [ 77.709353273597984, 16.603619751610083 ], [ 77.709472498321347, 16.604095723386273 ], [ 77.709637802337454, 16.604557717161828 ], [ 77.709847593678262, 16.605001283684132 ], [ 77.710099851938494, 16.605422151165101 ], [ 77.710392147733188, 16.60581626642082 ], [ 77.710721666094074, 16.606179833905934 ], [ 77.711085233579183, 16.606509352266816 ], [ 77.711479348834914, 16.606801648061513 ], [ 77.711900216315883, 16.607053906321742 ], [ 77.712343782838175, 16.607263697662557 ], [ 77.712805776613735, 16.607429001678664 ], [ 77.713281748389932, 16.607548226402017 ], [ 77.713767114298363, 16.607620223633361 ], [ 77.7142572, 16.6076443 ], [ 77.714747285701648, 16.607620223633361 ], [ 77.71523265161008, 16.607548226402017 ], [ 77.715708623386277, 16.607429001678664 ], [ 77.716170617161836, 16.607263697662557 ], [ 77.716614183684129, 16.607053906321742 ], [ 77.717035051165098, 16.606801648061513 ], [ 77.717429166420828, 16.606509352266816 ], [ 77.717792733905938, 16.606179833905934 ], [ 77.718122252266824, 16.60581626642082 ], [ 77.718414548061517, 16.605422151165101 ], [ 77.71866680632175, 16.605001283684132 ], [ 77.718673968801099, 16.604986139893896 ], [ 77.718746447733182, 16.60508386642082 ], [ 77.719075966094067, 16.605447433905933 ], [ 77.719178081635647, 16.605539986037961 ], [ 77.719283502337447, 16.605834617161825 ], [ 77.719493293678255, 16.606278183684129 ], [ 77.719745551938487, 16.606699051165098 ], [ 77.720037847733181, 16.607093166420817 ], [ 77.720367366094067, 16.607456733905931 ], [ 77.720382891444387, 16.60747080526324 ], [ 77.720398473597982, 16.607575851610083 ], [ 77.720516514600902, 16.608047097709356 ], [ 77.720553873597979, 16.608298951610081 ], [ 77.720673098321342, 16.608774923386271 ], [ 77.720838402337449, 16.609236917161827 ], [ 77.721048193678257, 16.60968048368413 ], [ 77.721193940603115, 16.609923647737787 ], [ 77.72113637636663, 16.610311714298351 ], [ 77.7211123, 16.6108018 ], [ 77.72113637636663, 16.61129188570165 ], [ 77.721208373597975, 16.611777251610082 ], [ 77.721327598321338, 16.612253223386272 ], [ 77.721492902337445, 16.612715217161828 ], [ 77.721702693678253, 16.613158783684131 ], [ 77.721954951938486, 16.6135796511651 ], [ 77.722247247733179, 16.61397376642082 ], [ 77.722576766094065, 16.614337333905933 ], [ 77.722940333579174, 16.614666852266815 ], [ 77.723334448834905, 16.614959148061512 ], [ 77.723755316315874, 16.615211406321741 ], [ 77.724198882838166, 16.615421197662556 ], [ 77.724660876613726, 16.615586501678663 ], [ 77.724674837106193, 16.615589998599983 ], [ 77.724668200000011, 16.6157251 ], [ 77.724692276366639, 16.616215185701648 ], [ 77.724764273597984, 16.61670055161008 ], [ 77.724883498321347, 16.61717652338627 ], [ 77.725048802337454, 16.617638517161826 ], [ 77.725258593678262, 16.618082083684129 ], [ 77.725510851938495, 16.618502951165098 ], [ 77.725803147733188, 16.618897066420818 ], [ 77.726132666094074, 16.619260633905931 ], [ 77.726337507019963, 16.619446290899212 ], [ 77.726058448834905, 16.619613551938489 ], [ 77.725664333579175, 16.619905847733186 ], [ 77.725300766094065, 16.620235366094068 ], [ 77.72497124773318, 16.620598933579181 ], [ 77.724678951938486, 16.620993048834901 ], [ 77.724426693678254, 16.62141391631587 ], [ 77.724216902337446, 16.621857482838173 ], [ 77.724051598321338, 16.622319476613729 ], [ 77.723932373597975, 16.622795448389919 ], [ 77.72386037636663, 16.623280814298351 ], [ 77.7238363, 16.6237709 ], [ 77.72386037636663, 16.62426098570165 ], [ 77.723932373597975, 16.624746351610082 ], [ 77.723943361613379, 16.62479021822649 ], [ 77.723962976366636, 16.62518948570165 ], [ 77.724034973597981, 16.625674851610082 ], [ 77.724154198321344, 16.626150823386272 ], [ 77.724319502337451, 16.626612817161828 ], [ 77.724529293678259, 16.627056383684131 ], [ 77.724781551938491, 16.6274772511651 ], [ 77.725073847733185, 16.62787136642082 ], [ 77.725403366094071, 16.628234933905933 ], [ 77.72576693357918, 16.628564452266815 ], [ 77.726161048834911, 16.628856748061512 ], [ 77.72658191631588, 16.629109006321741 ], [ 77.727025482838172, 16.629318797662556 ], [ 77.727487476613732, 16.629484101678663 ], [ 77.727963448389929, 16.629603326402016 ], [ 77.728448814298361, 16.629675323633361 ], [ 77.7289389, 16.6296994 ], [ 77.729428985701645, 16.629675323633361 ], [ 77.729914351610077, 16.629603326402016 ], [ 77.730390323386274, 16.629484101678663 ], [ 77.730852317161833, 16.629318797662556 ], [ 77.731295883684126, 16.629109006321741 ], [ 77.731716751165095, 16.628856748061512 ], [ 77.732110866420825, 16.628564452266815 ], [ 77.732474433905935, 16.628234933905933 ], [ 77.732803952266821, 16.62787136642082 ], [ 77.733096248061514, 16.6274772511651 ], [ 77.733348506321747, 16.627056383684131 ], [ 77.733558297662555, 16.626612817161828 ], [ 77.733723601678662, 16.626150823386272 ], [ 77.733842826402025, 16.625674851610082 ], [ 77.73391482363337, 16.62518948570165 ], [ 77.7339389, 16.6246994 ], [ 77.73391482363337, 16.624209314298351 ], [ 77.733842826402025, 16.62372394838992 ], [ 77.733831838386621, 16.623680081773511 ], [ 77.733812223633365, 16.623280814298351 ], [ 77.73374022640202, 16.622795448389919 ], [ 77.733621001678657, 16.622319476613729 ], [ 77.733455697662549, 16.621857482838173 ], [ 77.733245906321741, 16.62141391631587 ], [ 77.732993648061509, 16.620993048834901 ], [ 77.732701352266815, 16.620598933579181 ], [ 77.73237183390593, 16.620235366094068 ], [ 77.732166992980041, 16.620049709100787 ], [ 77.732446051165098, 16.61988244806151 ], [ 77.732840166420829, 16.619590152266813 ], [ 77.733203733905938, 16.619260633905931 ], [ 77.733533252266824, 16.618897066420818 ], [ 77.733825548061517, 16.618502951165098 ], [ 77.73407780632175, 16.618082083684129 ], [ 77.734287597662558, 16.617638517161826 ], [ 77.734452901678665, 16.61717652338627 ], [ 77.734572126402028, 16.61670055161008 ], [ 77.734644123633373, 16.616215185701648 ], [ 77.7346682, 16.6157251 ], [ 77.734644123633373, 16.615235014298349 ], [ 77.734572126402028, 16.614749648389918 ], [ 77.734452901678665, 16.614273676613728 ], [ 77.734287597662558, 16.613811682838172 ], [ 77.73407780632175, 16.613368116315868 ], [ 77.733825548061517, 16.612947248834899 ], [ 77.733533252266824, 16.61255313357918 ], [ 77.733203733905938, 16.612189566094067 ], [ 77.732840166420829, 16.611860047733185 ], [ 77.732446051165098, 16.611567751938487 ], [ 77.732134193531166, 16.611380831666114 ], [ 77.732166526402025, 16.61125175161008 ], [ 77.73223852363337, 16.610766385701648 ], [ 77.732255405043603, 16.610422756702153 ], [ 77.732285951165096, 16.610404448061512 ], [ 77.732680066420826, 16.610112152266815 ], [ 77.733043633905936, 16.609782633905933 ], [ 77.733373152266822, 16.60941906642082 ], [ 77.733625267074771, 16.609079128954008 ], [ 77.733862152266823, 16.60881776642082 ], [ 77.734154448061517, 16.608423651165101 ], [ 77.734406706321749, 16.608002783684132 ], [ 77.734616497662557, 16.607559217161828 ], [ 77.734781801678665, 16.607097223386273 ], [ 77.734892295961274, 16.606656105483314 ], [ 77.735194666420824, 16.606431852266816 ], [ 77.735558233905934, 16.606102333905934 ], [ 77.735887752266819, 16.605738766420821 ], [ 77.736180048061513, 16.605344651165101 ], [ 77.736432306321746, 16.604923783684132 ], [ 77.736642097662553, 16.604480217161829 ], [ 77.736807401678661, 16.604018223386273 ], [ 77.736844266105905, 16.603871052343074 ], [ 77.736941406321748, 16.603708983684129 ], [ 77.737151197662556, 16.603265417161825 ], [ 77.737316501678663, 16.60280342338627 ], [ 77.737435726402026, 16.60232745161008 ], [ 77.737507723633371, 16.601842085701648 ], [ 77.7375318, 16.601352 ], [ 77.737519622501125, 16.601104121315856 ], [ 77.737590151165094, 16.601061848061512 ], [ 77.737984266420824, 16.600769552266815 ], [ 77.738347833905934, 16.600440033905933 ], [ 77.738677352266819, 16.60007646642082 ], [ 77.738969648061513, 16.5996823511651 ], [ 77.739221906321745, 16.599261483684131 ], [ 77.739431697662553, 16.598817917161828 ], [ 77.739597001678661, 16.598355923386272 ], [ 77.739620408826511, 16.598262476813915 ], [ 77.739776147733181, 16.598472466420819 ], [ 77.740105666094067, 16.598836033905933 ], [ 77.740469233579176, 16.599165552266815 ], [ 77.740863348834907, 16.599457848061512 ], [ 77.741284216315876, 16.599710106321741 ], [ 77.741727782838169, 16.599919897662556 ], [ 77.741868292823483, 16.599970172939202 ], [ 77.741811351938495, 16.600046948834901 ], [ 77.741559093678262, 16.60046781631587 ], [ 77.741349302337454, 16.600911382838174 ], [ 77.741183998321347, 16.601373376613729 ], [ 77.741064773597984, 16.601849348389919 ], [ 77.740992776366639, 16.602334714298351 ], [ 77.74096870000001, 16.6028248 ], [ 77.740992776366639, 16.60331488570165 ], [ 77.741015411407744, 16.603467478753952 ], [ 77.7409918, 16.6039481 ], [ 77.741015876366632, 16.60443818570165 ], [ 77.741087873597976, 16.604923551610081 ], [ 77.74120709832134, 16.605399523386271 ], [ 77.741372402337447, 16.605861517161827 ], [ 77.741582193678255, 16.606305083684131 ], [ 77.741834451938487, 16.6067259511651 ], [ 77.742126747733181, 16.607120066420819 ], [ 77.742456266094067, 16.607483633905932 ], [ 77.742819833579176, 16.607813152266814 ], [ 77.743213948834907, 16.608105448061512 ], [ 77.743634816315875, 16.60835770632174 ], [ 77.744078382838168, 16.608567497662555 ], [ 77.744540376613728, 16.608732801678663 ], [ 77.745016348389925, 16.608852026402015 ], [ 77.745501714298356, 16.60892402363336 ], [ 77.7459918, 16.6089481 ], [ 77.746481885701641, 16.60892402363336 ], [ 77.746967251610073, 16.608852026402015 ], [ 77.74744322338627, 16.608732801678663 ], [ 77.747905217161829, 16.608567497662555 ], [ 77.748348783684122, 16.60835770632174 ], [ 77.748769651165091, 16.608105448061512 ], [ 77.749163766420821, 16.607813152266814 ], [ 77.749527333905931, 16.607483633905932 ], [ 77.749856852266817, 16.607120066420819 ], [ 77.75014914806151, 16.6067259511651 ], [ 77.750401406321743, 16.606305083684131 ], [ 77.75061119766255, 16.605861517161827 ], [ 77.750776501678658, 16.605399523386271 ], [ 77.750895726402021, 16.604923551610081 ], [ 77.750967723633366, 16.60443818570165 ], [ 77.750986727147676, 16.604051360281129 ], [ 77.751018573597975, 16.604266051610082 ], [ 77.751137798321338, 16.604742023386272 ], [ 77.751303102337445, 16.605204017161828 ], [ 77.751512893678253, 16.605647583684132 ], [ 77.751765151938486, 16.6060684511651 ], [ 77.752057447733179, 16.60646256642082 ], [ 77.752386966094065, 16.606826133905933 ], [ 77.752750533579174, 16.607155652266815 ], [ 77.753144648834905, 16.607447948061512 ], [ 77.753565516315874, 16.607700206321741 ], [ 77.754009082838166, 16.607909997662556 ], [ 77.754471076613726, 16.608075301678664 ], [ 77.754947048389923, 16.608194526402016 ], [ 77.755432414298355, 16.608266523633361 ], [ 77.7559225, 16.6082906 ], [ 77.756412585701639, 16.608266523633361 ], [ 77.756897951610071, 16.608194526402016 ], [ 77.757373923386268, 16.608075301678664 ], [ 77.757835917161827, 16.607909997662556 ], [ 77.75827948368412, 16.607700206321741 ], [ 77.758700351165089, 16.607447948061512 ], [ 77.759094466420819, 16.607155652266815 ], [ 77.759458033905929, 16.606826133905933 ], [ 77.759787552266815, 16.60646256642082 ], [ 77.760079848061508, 16.6060684511651 ], [ 77.760332106321741, 16.605647583684132 ], [ 77.760541897662549, 16.605204017161828 ], [ 77.760707201678656, 16.604742023386272 ], [ 77.760826426402019, 16.604266051610082 ], [ 77.760898423633364, 16.603780685701651 ], [ 77.7609225, 16.6032906 ], [ 77.760898423633364, 16.602800514298352 ], [ 77.760826426402019, 16.60231514838992 ], [ 77.760707201678656, 16.60183917661373 ], [ 77.760541897662549, 16.601377182838174 ], [ 77.760332106321741, 16.600933616315871 ], [ 77.760079848061508, 16.600512748834902 ], [ 77.759787552266815, 16.600118633579182 ], [ 77.759645051771159, 16.599961408510762 ], [ 77.760065383684122, 16.59976260632174 ], [ 77.760486251165091, 16.599510348061511 ], [ 77.760880366420821, 16.599218052266814 ], [ 77.761243933905931, 16.598888533905932 ], [ 77.761573452266816, 16.598524966420818 ], [ 77.76186574806151, 16.598130851165099 ], [ 77.762118006321742, 16.59770998368413 ], [ 77.76232779766255, 16.597266417161826 ], [ 77.762493101678658, 16.596804423386271 ], [ 77.762612326402021, 16.596328451610081 ], [ 77.762684323633366, 16.595843085701649 ], [ 77.7627084, 16.595353 ], [ 77.762684323633366, 16.59486291429835 ], [ 77.762612326402021, 16.594377548389918 ], [ 77.762493101678658, 16.593901576613728 ], [ 77.76232779766255, 16.593439582838172 ], [ 77.762118006321742, 16.592996016315869 ], [ 77.76186574806151, 16.5925751488349 ], [ 77.761573452266816, 16.59218103357918 ], [ 77.761243933905931, 16.591817466094067 ], [ 77.760880366420821, 16.591487947733185 ], [ 77.760486251165091, 16.591195651938488 ], [ 77.760065383684122, 16.590943393678259 ], [ 77.759621817161829, 16.590733602337444 ], [ 77.75915982338627, 16.590568298321337 ], [ 77.758683851610073, 16.590449073597984 ], [ 77.758198485701641, 16.590377076366639 ], [ 77.7577084, 16.590353 ], [ 77.757218314298356, 16.590377076366639 ], [ 77.756732948389924, 16.590449073597984 ], [ 77.756256976613727, 16.590568298321337 ], [ 77.755794982838168, 16.590733602337444 ], [ 77.755351416315875, 16.590943393678259 ], [ 77.754930548834906, 16.591195651938488 ], [ 77.754536433579176, 16.591487947733185 ], [ 77.754172866094066, 16.591817466094067 ], [ 77.753843347733181, 16.59218103357918 ], [ 77.753836384887066, 16.592190421890365 ], [ 77.753742352266812, 16.59206363357918 ], [ 77.753412833905927, 16.591700066094067 ], [ 77.753049266420817, 16.591370547733185 ], [ 77.752655151165087, 16.591078251938487 ], [ 77.752234283684118, 16.590825993678258 ], [ 77.751790717161825, 16.590616202337443 ], [ 77.751328723386266, 16.590450898321336 ], [ 77.750852751610068, 16.590331673597984 ], [ 77.750367385701637, 16.590259676366639 ], [ 77.7498773, 16.5902356 ], [ 77.749387214298352, 16.590259676366639 ], [ 77.74890184838992, 16.590331673597984 ], [ 77.748425876613723, 16.590450898321336 ], [ 77.747963882838164, 16.590616202337443 ], [ 77.747520316315871, 16.590825993678258 ], [ 77.747099448834902, 16.591078251938487 ], [ 77.746841197991984, 16.591269783817211 ], [ 77.746457551165093, 16.590985251938488 ], [ 77.746036683684125, 16.590732993678259 ], [ 77.745593117161832, 16.590523202337444 ], [ 77.745131123386273, 16.590357898321336 ], [ 77.744655151610075, 16.590238673597984 ], [ 77.744169785701644, 16.590166676366639 ], [ 77.7436797, 16.5901426 ], [ 77.743189614298359, 16.590166676366639 ], [ 77.742704248389927, 16.590238673597984 ], [ 77.74222827661373, 16.590357898321336 ], [ 77.741766282838171, 16.590523202337444 ], [ 77.741322716315878, 16.590732993678259 ], [ 77.740901848834909, 16.590985251938488 ], [ 77.740507733579179, 16.591277547733185 ], [ 77.740144166094069, 16.591607066094067 ], [ 77.739814647733184, 16.59197063357918 ], [ 77.73952235193849, 16.5923647488349 ], [ 77.739270093678257, 16.592785616315869 ], [ 77.73906030233745, 16.593229182838172 ], [ 77.738894998321342, 16.593691176613728 ], [ 77.738832304855521, 16.593941462959041 ], [ 77.738677352266819, 16.593732533579182 ], [ 77.738347833905934, 16.593368966094069 ], [ 77.737984266420824, 16.593039447733187 ], [ 77.737590151165094, 16.592747151938489 ], [ 77.737169283684125, 16.592494893678261 ], [ 77.736725717161832, 16.592285102337446 ], [ 77.736263723386273, 16.592119798321338 ], [ 77.735787751610076, 16.592000573597986 ], [ 77.735302385701644, 16.591928576366641 ], [ 77.7348123, 16.5919045 ], [ 77.734322214298359, 16.591928576366641 ], [ 77.733836848389927, 16.592000573597986 ], [ 77.73336087661373, 16.592119798321338 ], [ 77.732898882838171, 16.592285102337446 ], [ 77.732455316315878, 16.592494893678261 ], [ 77.732034448834909, 16.592747151938489 ], [ 77.731649121896254, 16.593032929873026 ], [ 77.731288223386272, 16.592903798321338 ], [ 77.730812251610075, 16.592784573597985 ], [ 77.730326885701643, 16.59271257636664 ], [ 77.7298368, 16.5926885 ], [ 77.729346714298359, 16.59271257636664 ], [ 77.728861348389927, 16.592784573597985 ], [ 77.72838537661373, 16.592903798321338 ], [ 77.727923382838171, 16.593069102337445 ], [ 77.727479816315878, 16.59327889367826 ], [ 77.727058948834909, 16.593531151938489 ], [ 77.726664833579179, 16.593823447733186 ], [ 77.726301266094069, 16.594152966094068 ], [ 77.725971747733183, 16.594516533579181 ], [ 77.72567945193849, 16.594910648834901 ], [ 77.725427193678257, 16.59533151631587 ], [ 77.725217402337449, 16.595775082838173 ], [ 77.725052098321342, 16.596237076613729 ], [ 77.724932873597979, 16.596713048389919 ], [ 77.724921636378795, 16.596788803568192 ], [ 77.724741033579178, 16.596922747733185 ], [ 77.724435868278889, 16.597199333439185 ], [ 77.724143192590802, 16.597155919101965 ], [ 77.724062923386271, 16.597127198321338 ], [ 77.723586951610073, 16.597007973597986 ], [ 77.723101585701642, 16.596935976366641 ], [ 77.722797112147319, 16.59692101854008 ], [ 77.723147366420818, 16.596661252266813 ], [ 77.723510933905928, 16.596331733905931 ], [ 77.723840452266813, 16.595968166420818 ], [ 77.724132748061507, 16.595574051165098 ], [ 77.724385006321739, 16.595153183684129 ], [ 77.724594797662547, 16.594709617161826 ], [ 77.724760101678655, 16.59424762338627 ], [ 77.724879326402018, 16.59377165161008 ], [ 77.724951323633363, 16.593286285701648 ], [ 77.7249754, 16.5927962 ], [ 77.724951323633363, 16.592306114298349 ], [ 77.724879326402018, 16.591820748389917 ], [ 77.724760101678655, 16.591344776613727 ], [ 77.724594797662547, 16.590882782838172 ], [ 77.724385006321739, 16.590439216315868 ], [ 77.724132748061507, 16.590018348834899 ], [ 77.723840452266813, 16.58962423357918 ], [ 77.723545808037215, 16.589299143768493 ], [ 77.723310252266813, 16.588981533579179 ], [ 77.722980733905928, 16.588617966094066 ], [ 77.722617166420818, 16.588288447733184 ], [ 77.722223051165088, 16.587996151938487 ], [ 77.721802183684119, 16.587743893678258 ], [ 77.721358617161826, 16.587534102337443 ], [ 77.720896623386267, 16.587368798321336 ], [ 77.72042065161007, 16.587249573597983 ], [ 77.719935285701638, 16.587177576366638 ], [ 77.7194452, 16.5871535 ], [ 77.718955114298353, 16.587177576366638 ], [ 77.718469748389921, 16.587249573597983 ], [ 77.717993776613724, 16.587368798321336 ], [ 77.717531782838165, 16.587534102337443 ] ], [ [ 77.719789787852676, 16.59778708145992 ], [ 77.719771230431078, 16.597800844581784 ], [ 77.719762167848444, 16.597785724576124 ], [ 77.719789787852676, 16.59778708145992 ] ], [ [ 77.753843347733181, 16.598524966420818 ], [ 77.753985848228837, 16.598682191489239 ], [ 77.753565516315874, 16.598880993678261 ], [ 77.753144648834905, 16.59913325193849 ], [ 77.752750533579174, 16.599425547733187 ], [ 77.752386966094065, 16.599755066094069 ], [ 77.752057447733179, 16.600118633579182 ], [ 77.751765151938486, 16.600512748834902 ], [ 77.751512893678253, 16.600933616315871 ], [ 77.751303102337445, 16.601377182838174 ], [ 77.751137798321338, 16.60183917661373 ], [ 77.751018573597975, 16.60231514838992 ], [ 77.750962299600147, 16.602694516867931 ], [ 77.750944623633373, 16.602334714298351 ], [ 77.750872626402028, 16.601849348389919 ], [ 77.750753401678665, 16.601373376613729 ], [ 77.750588097662558, 16.600911382838174 ], [ 77.75037830632175, 16.60046781631587 ], [ 77.750228771950859, 16.600218333290268 ], [ 77.750367385701637, 16.600211523633359 ], [ 77.750852751610068, 16.600139526402014 ], [ 77.751328723386266, 16.600020301678661 ], [ 77.751790717161825, 16.599854997662554 ], [ 77.752234283684118, 16.599645206321739 ], [ 77.752655151165087, 16.59939294806151 ], [ 77.753049266420817, 16.599100652266813 ], [ 77.753412833905927, 16.598771133905931 ], [ 77.753742352266812, 16.598407566420818 ], [ 77.753749315112927, 16.598398178109633 ], [ 77.753843347733181, 16.598524966420818 ] ] ], [ [ [ 77.768853085701636, 16.608746276366642 ], [ 77.768363, 16.6087222 ], [ 77.767872914298351, 16.608746276366642 ], [ 77.76738754838992, 16.608818273597986 ], [ 77.766911576613722, 16.608937498321339 ], [ 77.766449582838163, 16.609102802337446 ], [ 77.76600601631587, 16.609312593678261 ], [ 77.765585148834901, 16.60956485193849 ], [ 77.765191033579171, 16.609857147733187 ], [ 77.764827466094061, 16.610186666094069 ], [ 77.764497947733176, 16.610550233579183 ], [ 77.764205651938482, 16.610944348834902 ], [ 77.76395339367825, 16.611365216315871 ], [ 77.763743602337442, 16.611808782838175 ], [ 77.763578298321335, 16.61227077661373 ], [ 77.763459073597971, 16.61274674838992 ], [ 77.763387076366627, 16.613232114298352 ], [ 77.763363, 16.6137222 ], [ 77.763387076366627, 16.614212285701651 ], [ 77.763459073597971, 16.614697651610083 ], [ 77.763578298321335, 16.615173623386273 ], [ 77.763743602337442, 16.615635617161828 ], [ 77.76395339367825, 16.616079183684132 ], [ 77.764205651938482, 16.616500051165101 ], [ 77.764497947733176, 16.616894166420821 ], [ 77.764827466094061, 16.617257733905934 ], [ 77.765191033579171, 16.617587252266816 ], [ 77.765585148834901, 16.617879548061513 ], [ 77.76600601631587, 16.618131806321742 ], [ 77.766449582838163, 16.618341597662557 ], [ 77.766911576613722, 16.618506901678664 ], [ 77.76738754838992, 16.618626126402017 ], [ 77.767872914298351, 16.618698123633362 ], [ 77.768363, 16.6187222 ], [ 77.768853085701636, 16.618698123633362 ], [ 77.769338451610068, 16.618626126402017 ], [ 77.769814423386265, 16.618506901678664 ], [ 77.770276417161824, 16.618341597662557 ], [ 77.770719983684117, 16.618131806321742 ], [ 77.771140851165086, 16.617879548061513 ], [ 77.771534966420816, 16.617587252266816 ], [ 77.771898533905926, 16.617257733905934 ], [ 77.772228052266811, 16.616894166420821 ], [ 77.772520348061505, 16.616500051165101 ], [ 77.772772606321737, 16.616079183684132 ], [ 77.772982397662545, 16.615635617161828 ], [ 77.773147701678653, 16.615173623386273 ], [ 77.773266926402016, 16.614697651610083 ], [ 77.773338923633361, 16.614212285701651 ], [ 77.773363, 16.6137222 ], [ 77.773338923633361, 16.613232114298352 ], [ 77.773266926402016, 16.61274674838992 ], [ 77.773147701678653, 16.61227077661373 ], [ 77.772982397662545, 16.611808782838175 ], [ 77.772772606321737, 16.611365216315871 ], [ 77.772520348061505, 16.610944348834902 ], [ 77.772228052266811, 16.610550233579183 ], [ 77.771898533905926, 16.610186666094069 ], [ 77.771534966420816, 16.609857147733187 ], [ 77.771140851165086, 16.60956485193849 ], [ 77.770719983684117, 16.609312593678261 ], [ 77.770276417161824, 16.609102802337446 ], [ 77.769814423386265, 16.608937498321339 ], [ 77.769338451610068, 16.608818273597986 ], [ 77.768853085701636, 16.608746276366642 ] ] ], [ [ [ 77.723603714229739, 16.860128950246537 ], [ 77.723407533579177, 16.860274447733186 ], [ 77.723043966094068, 16.860603966094068 ], [ 77.722714447733182, 16.860967533579181 ], [ 77.722422151938488, 16.861361648834901 ], [ 77.722169893678256, 16.86178251631587 ], [ 77.721960102337448, 16.862226082838173 ], [ 77.721794798321341, 16.862688076613729 ], [ 77.721675573597977, 16.863164048389919 ], [ 77.721603576366633, 16.863649414298351 ], [ 77.7215795, 16.8641395 ], [ 77.721603576366633, 16.86462958570165 ], [ 77.721675573597977, 16.865114951610082 ], [ 77.721794798321341, 16.865590923386272 ], [ 77.721960102337448, 16.866052917161827 ], [ 77.72196443506455, 16.866062077943607 ], [ 77.721809398321341, 16.866495376613727 ], [ 77.721690173597977, 16.866971348389917 ], [ 77.721618176366633, 16.867456714298349 ], [ 77.7215941, 16.8679468 ], [ 77.721618176366633, 16.868436885701648 ], [ 77.721690173597977, 16.86892225161008 ], [ 77.721809398321341, 16.86939822338627 ], [ 77.721974702337448, 16.869860217161825 ], [ 77.722184493678256, 16.870303783684129 ], [ 77.722436751938488, 16.870724651165098 ], [ 77.722729047733182, 16.871118766420818 ], [ 77.723058566094068, 16.871482333905931 ], [ 77.723422133579177, 16.871811852266813 ], [ 77.723816248834908, 16.87210414806151 ], [ 77.724237116315877, 16.872356406321739 ], [ 77.724680682838169, 16.872566197662554 ], [ 77.725142676613729, 16.872731501678661 ], [ 77.725618648389926, 16.872850726402014 ], [ 77.726104014298357, 16.872922723633359 ], [ 77.7265941, 16.8729468 ], [ 77.727084185701642, 16.872922723633359 ], [ 77.727569551610074, 16.872850726402014 ], [ 77.727872783982775, 16.87277477064675 ], [ 77.728302682838176, 16.872978097662557 ], [ 77.728764676613736, 16.873143401678664 ], [ 77.729240648389933, 16.873262626402017 ], [ 77.729726014298365, 16.873334623633362 ], [ 77.7302161, 16.8733587 ], [ 77.730706185701649, 16.873334623633362 ], [ 77.731191551610081, 16.873262626402017 ], [ 77.731667523386278, 16.873143401678664 ], [ 77.732129517161837, 16.872978097662557 ], [ 77.73257308368413, 16.872768306321742 ], [ 77.732993951165099, 16.872516048061513 ], [ 77.733388066420829, 16.872223752266816 ], [ 77.733751633905939, 16.871894233905934 ], [ 77.734081152266825, 16.871530666420821 ], [ 77.734373448061518, 16.871136551165101 ], [ 77.734625706321751, 16.870715683684132 ], [ 77.734835497662559, 16.870272117161829 ], [ 77.735000801678666, 16.869810123386273 ], [ 77.735120026402029, 16.869334151610083 ], [ 77.735192023633374, 16.868848785701651 ], [ 77.7352161, 16.8683587 ], [ 77.735192023633374, 16.867868614298352 ], [ 77.735120026402029, 16.86738324838992 ], [ 77.735000801678666, 16.86690727661373 ], [ 77.734933292113382, 16.866718600018427 ], [ 77.734915523633362, 16.86635691429835 ], [ 77.734843526402017, 16.865871548389919 ], [ 77.734755087613152, 16.865518480953636 ], [ 77.734784126402019, 16.865402551610082 ], [ 77.734856123633364, 16.86491718570165 ], [ 77.734863433954359, 16.864768380699235 ], [ 77.734945826402026, 16.864439451610082 ], [ 77.73501782363337, 16.86395408570165 ], [ 77.735024034887672, 16.863827652715692 ], [ 77.735083826402018, 16.86358895161008 ], [ 77.735155823633363, 16.863103585701648 ], [ 77.7351799, 16.8626135 ], [ 77.735155823633363, 16.862123414298349 ], [ 77.735083826402018, 16.861638048389917 ], [ 77.734964601678655, 16.861162076613727 ], [ 77.734799297662548, 16.860700082838171 ], [ 77.73458950632174, 16.860256516315868 ], [ 77.734337248061507, 16.859835648834899 ], [ 77.734044952266814, 16.859441533579179 ], [ 77.733715433905928, 16.859077966094066 ], [ 77.733351866420819, 16.858748447733184 ], [ 77.732957751165088, 16.858456151938487 ], [ 77.732536883684119, 16.858203893678258 ], [ 77.732345690525406, 16.858113466048792 ], [ 77.732092566420818, 16.857884047733187 ], [ 77.731698451165087, 16.857591751938489 ], [ 77.731277583684118, 16.857339493678261 ], [ 77.730834017161825, 16.857129702337446 ], [ 77.730372023386266, 16.856964398321338 ], [ 77.729896051610069, 16.856845173597986 ], [ 77.729410685701637, 16.856773176366641 ], [ 77.7289206, 16.8567491 ], [ 77.728430514298353, 16.856773176366641 ], [ 77.727945148389921, 16.856845173597986 ], [ 77.727469176613724, 16.856964398321338 ], [ 77.727007182838165, 16.857129702337446 ], [ 77.726563616315872, 16.857339493678261 ], [ 77.726238996946734, 16.857534063040347 ], [ 77.725818816315879, 16.857732793678259 ], [ 77.72539794883491, 16.857985051938488 ], [ 77.72500383357918, 16.858277347733186 ], [ 77.72464026609407, 16.858606866094068 ], [ 77.724310747733185, 16.858970433579181 ], [ 77.724018451938491, 16.8593645488349 ], [ 77.723766193678259, 16.859785416315869 ], [ 77.723603714229739, 16.860128950246537 ] ] ], [ [ [ 77.706193614298357, 16.85988037636664 ], [ 77.705708248389925, 16.859952373597984 ], [ 77.705232276613728, 16.860071598321337 ], [ 77.704770282838169, 16.860236902337444 ], [ 77.704326716315876, 16.860446693678259 ], [ 77.703905848834907, 16.860698951938488 ], [ 77.703511733579177, 16.860991247733185 ], [ 77.703148166094067, 16.861320766094067 ], [ 77.702818647733181, 16.861684333579181 ], [ 77.702526351938488, 16.8620784488349 ], [ 77.702274093678255, 16.862499316315869 ], [ 77.702064302337448, 16.862942882838173 ], [ 77.70189899832134, 16.863404876613728 ], [ 77.701802891753772, 16.863788555538513 ], [ 77.701324114298359, 16.863812076366639 ], [ 77.700838748389927, 16.863884073597983 ], [ 77.70036277661373, 16.864003298321336 ], [ 77.699900782838171, 16.864168602337443 ], [ 77.699457216315878, 16.864378393678258 ], [ 77.699036348834909, 16.864630651938487 ], [ 77.698642233579179, 16.864922947733184 ], [ 77.698278666094069, 16.865252466094066 ], [ 77.697949147733183, 16.86561603357918 ], [ 77.69765685193849, 16.866010148834899 ], [ 77.697404593678257, 16.866431016315868 ], [ 77.697194802337449, 16.866874582838172 ], [ 77.697029498321342, 16.867336576613727 ], [ 77.696910273597979, 16.867812548389917 ], [ 77.696838276366634, 16.868297914298349 ], [ 77.6968142, 16.868788 ], [ 77.696838276366634, 16.869278085701648 ], [ 77.696910273597979, 16.86976345161008 ], [ 77.697029498321342, 16.87023942338627 ], [ 77.697194802337449, 16.870701417161825 ], [ 77.697404593678257, 16.871144983684129 ], [ 77.69765685193849, 16.871565851165098 ], [ 77.697949147733183, 16.871959966420818 ], [ 77.698278666094069, 16.872323533905931 ], [ 77.698642233579179, 16.872653052266813 ], [ 77.699036348834909, 16.87294534806151 ], [ 77.699457216315878, 16.873197606321739 ], [ 77.699900782838171, 16.873407397662554 ], [ 77.70036277661373, 16.873572701678661 ], [ 77.700751550842043, 16.873670084553307 ], [ 77.700796773597972, 16.87397495161008 ], [ 77.700915998321335, 16.87445092338627 ], [ 77.701081302337442, 16.874912917161826 ], [ 77.701082534479482, 16.874915522307283 ], [ 77.701067533579177, 16.874926647733187 ], [ 77.700703966094068, 16.875256166094069 ], [ 77.700374447733182, 16.875619733579182 ], [ 77.700082151938489, 16.876013848834901 ], [ 77.699829893678256, 16.87643471631587 ], [ 77.699620102337448, 16.876878282838174 ], [ 77.699454798321341, 16.877340276613729 ], [ 77.699335573597978, 16.877816248389919 ], [ 77.699263576366633, 16.878301614298351 ], [ 77.6992395, 16.8787917 ], [ 77.699263576366633, 16.87928178570165 ], [ 77.699335573597978, 16.879767151610082 ], [ 77.699454798321341, 16.880243123386272 ], [ 77.699620102337448, 16.880705117161828 ], [ 77.699829893678256, 16.881148683684131 ], [ 77.700082151938489, 16.8815695511651 ], [ 77.700374447733182, 16.88196366642082 ], [ 77.700703966094068, 16.882327233905933 ], [ 77.701067533579177, 16.882656752266815 ], [ 77.701461648834908, 16.882949048061512 ], [ 77.701882516315877, 16.883201306321741 ], [ 77.702326082838169, 16.883411097662556 ], [ 77.702373351490948, 16.88342801065696 ], [ 77.702315251938487, 16.883506348834899 ], [ 77.702062993678254, 16.883927216315868 ], [ 77.701853202337446, 16.884370782838172 ], [ 77.701687898321339, 16.884832776613727 ], [ 77.701568673597976, 16.885308748389917 ], [ 77.701496676366631, 16.885794114298349 ], [ 77.7014726, 16.8862842 ], [ 77.701496676366631, 16.886774285701648 ], [ 77.701568673597976, 16.88725965161008 ], [ 77.701687898321339, 16.88773562338627 ], [ 77.701853202337446, 16.888197617161826 ], [ 77.702062993678254, 16.888641183684129 ], [ 77.702315251938487, 16.889062051165098 ], [ 77.70260754773318, 16.889456166420818 ], [ 77.702937066094066, 16.889819733905931 ], [ 77.703300633579175, 16.890149252266813 ], [ 77.703430258809078, 16.890245388889372 ], [ 77.703481633579173, 16.890291952266814 ], [ 77.703875748834903, 16.890584248061511 ], [ 77.704296616315872, 16.89083650632174 ], [ 77.704372956067942, 16.890872612335471 ], [ 77.704237651938485, 16.8910550488349 ], [ 77.703985393678252, 16.891475916315869 ], [ 77.703775602337444, 16.891919482838173 ], [ 77.703610298321337, 16.892381476613728 ], [ 77.703491073597974, 16.892857448389918 ], [ 77.703419076366629, 16.89334281429835 ], [ 77.703395, 16.8938329 ], [ 77.703419076366629, 16.894322985701649 ], [ 77.703491073597974, 16.894808351610081 ], [ 77.703610298321337, 16.895284323386271 ], [ 77.703775602337444, 16.895746317161827 ], [ 77.703985393678252, 16.89618988368413 ], [ 77.704237651938485, 16.896610751165099 ], [ 77.704529947733178, 16.897004866420819 ], [ 77.704859466094064, 16.897368433905932 ], [ 77.705223033579173, 16.897697952266814 ], [ 77.705617148834904, 16.897990248061511 ], [ 77.706038016315873, 16.89824250632174 ], [ 77.706481582838165, 16.898452297662555 ], [ 77.706943576613725, 16.898617601678662 ], [ 77.707419548389922, 16.898736826402015 ], [ 77.707904914298354, 16.89880882363336 ], [ 77.707931288218603, 16.898810119300979 ], [ 77.708212676613726, 16.898910801678664 ], [ 77.708688648389924, 16.899030026402016 ], [ 77.709174014298355, 16.899102023633361 ], [ 77.709262986424321, 16.899106394553627 ], [ 77.709265398321335, 16.89911602338627 ], [ 77.709430702337443, 16.899578017161826 ], [ 77.709640493678251, 16.900021583684129 ], [ 77.709892751938483, 16.900442451165098 ], [ 77.710185047733177, 16.900836566420818 ], [ 77.710514566094062, 16.901200133905931 ], [ 77.710878133579172, 16.901529652266813 ], [ 77.711272248834902, 16.90182194806151 ], [ 77.711693116315871, 16.902074206321739 ], [ 77.712136682838164, 16.902283997662554 ], [ 77.712598676613723, 16.902449301678661 ], [ 77.71307464838992, 16.902568526402014 ], [ 77.713560014298352, 16.902640523633359 ], [ 77.7140501, 16.9026646 ], [ 77.714540185701637, 16.902640523633359 ], [ 77.715025551610069, 16.902568526402014 ], [ 77.715501523386266, 16.902449301678661 ], [ 77.715963517161825, 16.902283997662554 ], [ 77.716160298510943, 16.902190927015869 ], [ 77.71654508570164, 16.902172023633359 ], [ 77.717030451610071, 16.902100026402014 ], [ 77.717506423386268, 16.901980801678661 ], [ 77.717968417161828, 16.901815497662554 ], [ 77.718411983684121, 16.901605706321739 ], [ 77.718832851165089, 16.90135344806151 ], [ 77.71922696642082, 16.901061152266813 ], [ 77.719590533905929, 16.900731633905931 ], [ 77.719920052266815, 16.900368066420818 ], [ 77.720212348061509, 16.899973951165098 ], [ 77.720464606321741, 16.899553083684129 ], [ 77.720674397662549, 16.899109517161826 ], [ 77.720839701678656, 16.89864752338627 ], [ 77.72095892640202, 16.89817155161008 ], [ 77.721030923633364, 16.897686185701648 ], [ 77.721055, 16.8971961 ], [ 77.721030923633364, 16.896706014298349 ], [ 77.72095892640202, 16.896220648389917 ], [ 77.720839701678656, 16.895744676613727 ], [ 77.720674397662549, 16.895282682838172 ], [ 77.720464606321741, 16.894839116315868 ], [ 77.720212348061509, 16.894418248834899 ], [ 77.719920052266815, 16.89402413357918 ], [ 77.719823125021023, 16.893917190843442 ], [ 77.719879923633371, 16.893534285701648 ], [ 77.719904, 16.8930442 ], [ 77.719879923633371, 16.892554114298349 ], [ 77.719807926402027, 16.892068748389917 ], [ 77.719688701678663, 16.891592776613727 ], [ 77.719523397662556, 16.891130782838172 ], [ 77.719313606321748, 16.890687216315868 ], [ 77.719061348061516, 16.890266348834899 ], [ 77.718996439798261, 16.890178830173209 ], [ 77.718932697662552, 16.890000682838174 ], [ 77.718722906321744, 16.889557116315871 ], [ 77.718470648061512, 16.889136248834902 ], [ 77.718178352266818, 16.888742133579182 ], [ 77.717848833905933, 16.888378566094069 ], [ 77.717485266420823, 16.888049047733187 ], [ 77.717091151165093, 16.88775675193849 ], [ 77.716670283684124, 16.887504493678261 ], [ 77.716226717161831, 16.887294702337446 ], [ 77.715764723386272, 16.887129398321338 ], [ 77.715288751610075, 16.887010173597986 ], [ 77.714803385701643, 16.886938176366641 ], [ 77.7143133, 16.8869141 ], [ 77.713823214298358, 16.886938176366641 ], [ 77.713337848389926, 16.887010173597986 ], [ 77.712861876613729, 16.887129398321338 ], [ 77.71239988283817, 16.887294702337446 ], [ 77.711956316315877, 16.887504493678261 ], [ 77.711535448834908, 16.88775675193849 ], [ 77.711453536593439, 16.887817502197116 ], [ 77.711557526402018, 16.887402351610081 ], [ 77.711629523633363, 16.886916985701649 ], [ 77.7116536, 16.8864269 ], [ 77.711629523633363, 16.885936814298351 ], [ 77.711557526402018, 16.885451448389919 ], [ 77.711533005315587, 16.885353554725455 ], [ 77.711506526402019, 16.885175048389918 ], [ 77.711387301678656, 16.884699076613728 ], [ 77.711221997662548, 16.884237082838172 ], [ 77.71101220632174, 16.883793516315869 ], [ 77.710759948061508, 16.8833726488349 ], [ 77.710467652266814, 16.88297853357918 ], [ 77.710138133905929, 16.882614966094067 ], [ 77.709774566420819, 16.882285447733185 ], [ 77.709380451165089, 16.881993151938488 ], [ 77.70895958368412, 16.881740893678259 ], [ 77.708516017161827, 16.881531102337444 ], [ 77.708436867810988, 16.881502782246873 ], [ 77.708649106321744, 16.881148683684131 ], [ 77.708858897662552, 16.880705117161828 ], [ 77.709024201678659, 16.880243123386272 ], [ 77.709143426402022, 16.879767151610082 ], [ 77.709215423633367, 16.87928178570165 ], [ 77.7092395, 16.8787917 ], [ 77.709215423633367, 16.878301614298351 ], [ 77.709143426402022, 16.877816248389919 ], [ 77.709024201678659, 16.877340276613729 ], [ 77.708858897662552, 16.876878282838174 ], [ 77.708857665520512, 16.876875677692716 ], [ 77.708872666420817, 16.876864552266813 ], [ 77.709236233905926, 16.876535033905931 ], [ 77.709565752266812, 16.876171466420818 ], [ 77.709858048061506, 16.875777351165098 ], [ 77.710110306321738, 16.875356483684129 ], [ 77.710320097662546, 16.874912917161826 ], [ 77.710485401678653, 16.87445092338627 ], [ 77.710604626402016, 16.87397495161008 ], [ 77.710676623633361, 16.873489585701648 ], [ 77.7107007, 16.8729995 ], [ 77.710676623633361, 16.872509414298349 ], [ 77.710604626402016, 16.872024048389918 ], [ 77.710485401678653, 16.871548076613728 ], [ 77.710474382219275, 16.871517279287929 ], [ 77.710698352266817, 16.871270166420818 ], [ 77.710990648061511, 16.870876051165098 ], [ 77.711242906321743, 16.870455183684129 ], [ 77.711452697662551, 16.870011617161826 ], [ 77.711618001678659, 16.86954962338627 ], [ 77.711737226402022, 16.86907365161008 ], [ 77.711809223633367, 16.868588285701648 ], [ 77.7118333, 16.8680982 ], [ 77.711809223633367, 16.867608114298349 ], [ 77.711804481085011, 16.867576142634345 ], [ 77.711948906321737, 16.86733518368413 ], [ 77.712158697662545, 16.866891617161826 ], [ 77.712324001678653, 16.866429623386271 ], [ 77.712443226402016, 16.865953651610081 ], [ 77.712515223633361, 16.865468285701649 ], [ 77.712539299999989, 16.8649782 ], [ 77.712515223633361, 16.86448811429835 ], [ 77.712443226402016, 16.864002748389918 ], [ 77.712324001678653, 16.863526776613728 ], [ 77.712158697662545, 16.863064782838173 ], [ 77.711948906321737, 16.862621216315869 ], [ 77.711696648061505, 16.8622003488349 ], [ 77.711404352266811, 16.861806233579181 ], [ 77.711074833905926, 16.861442666094067 ], [ 77.710711266420816, 16.861113147733185 ], [ 77.710535911557457, 16.860983095702991 ], [ 77.71049536642083, 16.860946347733186 ], [ 77.710101251165099, 16.860654051938489 ], [ 77.70968038368413, 16.86040179367826 ], [ 77.709236817161838, 16.860192002337445 ], [ 77.708774823386278, 16.860026698321338 ], [ 77.708298851610081, 16.859907473597985 ], [ 77.707813485701649, 16.859835476366641 ], [ 77.7073234, 16.8598114 ], [ 77.706833314298365, 16.859835476366641 ], [ 77.706772173312942, 16.859844545775093 ], [ 77.706431614298353, 16.85986127636664 ], [ 77.70635694567487, 16.859872352410644 ], [ 77.706193614298357, 16.85988037636664 ] ] ], [ [ [ 77.719698566094067, 16.920453433905934 ], [ 77.720062133579177, 16.920782952266816 ], [ 77.720456248834907, 16.921075248061513 ], [ 77.720877116315876, 16.921327506321742 ], [ 77.721320682838169, 16.921537297662557 ], [ 77.721782676613728, 16.921702601678664 ], [ 77.722258648389925, 16.921821826402017 ], [ 77.722744014298357, 16.921893823633361 ], [ 77.7232341, 16.9219179 ], [ 77.723724185701641, 16.921893823633361 ], [ 77.724209551610073, 16.921821826402017 ], [ 77.72468552338627, 16.921702601678664 ], [ 77.72514751716183, 16.921537297662557 ], [ 77.725591083684122, 16.921327506321742 ], [ 77.725799981782856, 16.921202297619867 ], [ 77.726124051610071, 16.921154226402017 ], [ 77.726600023386268, 16.921035001678664 ], [ 77.727062017161828, 16.920869697662557 ], [ 77.72750558368412, 16.920659906321742 ], [ 77.727926451165089, 16.920407648061513 ], [ 77.72832056642082, 16.920115352266816 ], [ 77.728684133905929, 16.919785833905934 ], [ 77.729013652266815, 16.91942226642082 ], [ 77.729305948061509, 16.919028151165101 ], [ 77.729558206321741, 16.918607283684132 ], [ 77.729767997662549, 16.918163717161828 ], [ 77.729933301678656, 16.917701723386273 ], [ 77.730052526402019, 16.917225751610083 ], [ 77.730124523633364, 16.916740385701651 ], [ 77.7301486, 16.9162503 ], [ 77.730124523633364, 16.915760214298352 ], [ 77.730052526402019, 16.91527484838992 ], [ 77.729933301678656, 16.91479887661373 ], [ 77.729767997662549, 16.914336882838175 ], [ 77.729760658315143, 16.914321365091869 ], [ 77.729811997662551, 16.914212817161825 ], [ 77.729977301678659, 16.91375082338627 ], [ 77.730096526402022, 16.91327485161008 ], [ 77.730168523633367, 16.912789485701648 ], [ 77.7301926, 16.9122994 ], [ 77.730168523633367, 16.911809314298349 ], [ 77.730096526402022, 16.911323948389917 ], [ 77.729977301678659, 16.910847976613727 ], [ 77.729811997662551, 16.910385982838172 ], [ 77.72968791273253, 16.910123627296397 ], [ 77.729694051165097, 16.91011994806151 ], [ 77.730088166420828, 16.909827652266813 ], [ 77.730451733905937, 16.909498133905931 ], [ 77.730781252266823, 16.909134566420818 ], [ 77.731073548061516, 16.908740451165098 ], [ 77.731325806321749, 16.908319583684129 ], [ 77.731535597662557, 16.907876017161826 ], [ 77.731700901678664, 16.90741402338627 ], [ 77.731820126402027, 16.90693805161008 ], [ 77.731892123633372, 16.906452685701648 ], [ 77.7319162, 16.9059626 ], [ 77.731892123633372, 16.905472514298349 ], [ 77.731820126402027, 16.904987148389917 ], [ 77.731700901678664, 16.904511176613727 ], [ 77.731535597662557, 16.904049182838172 ], [ 77.731325806321749, 16.903605616315868 ], [ 77.731073548061516, 16.903184748834899 ], [ 77.730781252266823, 16.90279063357918 ], [ 77.730451733905937, 16.902427066094067 ], [ 77.730088166420828, 16.902097547733185 ], [ 77.729694051165097, 16.901805251938487 ], [ 77.729273183684128, 16.901552993678258 ], [ 77.728829617161836, 16.901343202337443 ], [ 77.728367623386276, 16.901177898321336 ], [ 77.727891651610079, 16.901058673597984 ], [ 77.727406285701647, 16.900986676366639 ], [ 77.7269162, 16.9009626 ], [ 77.726426114298363, 16.900986676366639 ], [ 77.725940748389931, 16.901058673597984 ], [ 77.725464776613734, 16.901177898321336 ], [ 77.725002782838175, 16.901343202337443 ], [ 77.724559216315882, 16.901552993678258 ], [ 77.724138348834913, 16.901805251938487 ], [ 77.723744233579183, 16.902097547733185 ], [ 77.723380666094073, 16.902427066094067 ], [ 77.723051147733187, 16.90279063357918 ], [ 77.722758851938494, 16.903184748834899 ], [ 77.722506593678261, 16.903605616315868 ], [ 77.722296802337453, 16.904049182838172 ], [ 77.722131498321346, 16.904511176613727 ], [ 77.722012273597983, 16.904987148389917 ], [ 77.721940276366638, 16.905472514298349 ], [ 77.72191620000001, 16.9059626 ], [ 77.721940276366638, 16.906452685701648 ], [ 77.722012273597983, 16.90693805161008 ], [ 77.722131498321346, 16.90741402338627 ], [ 77.722296802337453, 16.907876017161826 ], [ 77.722420887267475, 16.908138372703601 ], [ 77.722414748834908, 16.908142051938487 ], [ 77.722020633579177, 16.908434347733184 ], [ 77.721657066094068, 16.908763866094066 ], [ 77.721327547733182, 16.909127433579179 ], [ 77.721035251938488, 16.909521548834899 ], [ 77.720782993678256, 16.909942416315868 ], [ 77.720587517057865, 16.910355716904736 ], [ 77.720365133579179, 16.910520647733186 ], [ 77.720001566094069, 16.910850166094068 ], [ 77.719672047733184, 16.911213733579181 ], [ 77.71937975193849, 16.911607848834901 ], [ 77.719127493678258, 16.91202871631587 ], [ 77.71891770233745, 16.912472282838173 ], [ 77.718752398321342, 16.912934276613729 ], [ 77.718633173597979, 16.913410248389919 ], [ 77.718561176366634, 16.913895614298351 ], [ 77.718549121668588, 16.914140993314355 ], [ 77.718463898321346, 16.914379176613728 ], [ 77.718344673597983, 16.914855148389918 ], [ 77.718272676366638, 16.91534051429835 ], [ 77.71824860000001, 16.9158306 ], [ 77.718272676366638, 16.916320685701649 ], [ 77.718273371879732, 16.916325374470041 ], [ 77.718258176366632, 16.916427814298352 ], [ 77.7182341, 16.9169179 ], [ 77.718258176366632, 16.917407985701651 ], [ 77.718330173597977, 16.917893351610083 ], [ 77.71844939832134, 16.918369323386273 ], [ 77.718614702337447, 16.918831317161828 ], [ 77.718824493678255, 16.919274883684132 ], [ 77.719076751938488, 16.919695751165101 ], [ 77.719369047733181, 16.92008986642082 ], [ 77.719698566094067, 16.920453433905934 ] ] ], [ [ [ 77.733701748834903, 16.907512851938488 ], [ 77.733307633579173, 16.907805147733185 ], [ 77.732944066094063, 16.908134666094067 ], [ 77.732614547733178, 16.908498233579181 ], [ 77.732322251938484, 16.9088923488349 ], [ 77.732069993678252, 16.909313216315869 ], [ 77.731860202337444, 16.909756782838173 ], [ 77.731694898321336, 16.910218776613728 ], [ 77.731575673597973, 16.910694748389918 ], [ 77.731503676366628, 16.91118011429835 ], [ 77.7314796, 16.9116702 ], [ 77.731503676366628, 16.912160285701649 ], [ 77.731575673597973, 16.912645651610081 ], [ 77.731694898321336, 16.913121623386271 ], [ 77.731860202337444, 16.913583617161827 ], [ 77.732069993678252, 16.91402718368413 ], [ 77.732322251938484, 16.914448051165099 ], [ 77.732614547733178, 16.914842166420819 ], [ 77.732944066094063, 16.915205733905932 ], [ 77.733307633579173, 16.915535252266814 ], [ 77.733701748834903, 16.915827548061511 ], [ 77.734122616315872, 16.91607980632174 ], [ 77.734566182838165, 16.916289597662555 ], [ 77.735028176613724, 16.916454901678662 ], [ 77.735504148389921, 16.916574126402015 ], [ 77.735989514298353, 16.91664612363336 ], [ 77.7364796, 16.9166702 ], [ 77.736969685701638, 16.91664612363336 ], [ 77.73745505161007, 16.916574126402015 ], [ 77.73772491590627, 16.916506528914798 ], [ 77.737864733579173, 16.916633252266813 ], [ 77.738258848834903, 16.91692554806151 ], [ 77.738679716315872, 16.917177806321739 ], [ 77.739123282838165, 16.917387597662554 ], [ 77.739585276613724, 16.917552901678661 ], [ 77.740061248389921, 16.917672126402014 ], [ 77.740546614298353, 16.917744123633359 ], [ 77.7410367, 16.9177682 ], [ 77.741526785701637, 16.917744123633359 ], [ 77.742012151610069, 16.917672126402014 ], [ 77.742488123386266, 16.917552901678661 ], [ 77.742950117161826, 16.917387597662554 ], [ 77.743393683684118, 16.917177806321739 ], [ 77.743814551165087, 16.91692554806151 ], [ 77.744208666420818, 16.916633252266813 ], [ 77.744572233905927, 16.916303733905931 ], [ 77.744901752266813, 16.915940166420818 ], [ 77.745194048061506, 16.915546051165098 ], [ 77.745446306321739, 16.915125183684129 ], [ 77.745656097662547, 16.914681617161825 ], [ 77.745821401678654, 16.91421962338627 ], [ 77.745940626402017, 16.91374365161008 ], [ 77.746012623633362, 16.913258285701648 ], [ 77.7460367, 16.9127682 ], [ 77.746012623633362, 16.912278114298349 ], [ 77.745940626402017, 16.911792748389917 ], [ 77.745821401678654, 16.911316776613727 ], [ 77.745656097662547, 16.910854782838172 ], [ 77.745446306321739, 16.910411216315868 ], [ 77.745194048061506, 16.909990348834899 ], [ 77.744901752266813, 16.90959623357918 ], [ 77.744572233905927, 16.909232666094066 ], [ 77.744208666420818, 16.908903147733184 ], [ 77.743814551165087, 16.908610851938487 ], [ 77.743393683684118, 16.908358593678258 ], [ 77.742950117161826, 16.908148802337443 ], [ 77.742488123386266, 16.907983498321336 ], [ 77.742012151610069, 16.907864273597983 ], [ 77.741526785701637, 16.907792276366639 ], [ 77.7410367, 16.9077682 ], [ 77.740546614298353, 16.907792276366639 ], [ 77.740061248389921, 16.907864273597983 ], [ 77.739791384093721, 16.9079318710852 ], [ 77.739651566420818, 16.907805147733185 ], [ 77.739257451165088, 16.907512851938488 ], [ 77.738836583684119, 16.907260593678259 ], [ 77.738393017161826, 16.907050802337444 ], [ 77.737931023386267, 16.906885498321337 ], [ 77.73745505161007, 16.906766273597984 ], [ 77.736969685701638, 16.90669427636664 ], [ 77.7364796, 16.9066702 ], [ 77.735989514298353, 16.90669427636664 ], [ 77.735504148389921, 16.906766273597984 ], [ 77.735028176613724, 16.906885498321337 ], [ 77.734566182838165, 16.907050802337444 ], [ 77.734122616315872, 16.907260593678259 ], [ 77.733701748834903, 16.907512851938488 ] ] ], [ [ [ 77.739657285701639, 16.918662476366642 ], [ 77.7391672, 16.9186384 ], [ 77.738677114298355, 16.918662476366642 ], [ 77.738191748389923, 16.918734473597986 ], [ 77.737715776613726, 16.918853698321339 ], [ 77.737253782838167, 16.919019002337446 ], [ 77.736810216315874, 16.919228793678261 ], [ 77.736389348834905, 16.91948105193849 ], [ 77.735995233579175, 16.919773347733187 ], [ 77.735871118382235, 16.919885839190567 ], [ 77.73550328570164, 16.91983127636664 ], [ 77.7350132, 16.9198072 ], [ 77.734523114298355, 16.91983127636664 ], [ 77.734037748389923, 16.919903273597985 ], [ 77.733561776613726, 16.920022498321337 ], [ 77.733099782838167, 16.920187802337445 ], [ 77.732656216315874, 16.92039759367826 ], [ 77.732235348834905, 16.920649851938489 ], [ 77.731841233579175, 16.920942147733186 ], [ 77.731477666094065, 16.921271666094068 ], [ 77.73114814773318, 16.921635233579181 ], [ 77.730855851938486, 16.922029348834901 ], [ 77.730603593678254, 16.92245021631587 ], [ 77.730393802337446, 16.922893782838173 ], [ 77.730228498321338, 16.923355776613729 ], [ 77.730109273597975, 16.923831748389919 ], [ 77.73003727636663, 16.924317114298351 ], [ 77.7300132, 16.9248072 ], [ 77.73003727636663, 16.925297285701649 ], [ 77.730109273597975, 16.925782651610081 ], [ 77.730228498321338, 16.926258623386271 ], [ 77.730393802337446, 16.926720617161827 ], [ 77.730603593678254, 16.92716418368413 ], [ 77.730855851938486, 16.927585051165099 ], [ 77.73114814773318, 16.927979166420819 ], [ 77.731477666094065, 16.928342733905932 ], [ 77.731841233579175, 16.928672252266814 ], [ 77.732235348834905, 16.928964548061511 ], [ 77.732656216315874, 16.92921680632174 ], [ 77.733099782838167, 16.929426597662555 ], [ 77.733561776613726, 16.929591901678663 ], [ 77.734037748389923, 16.929711126402015 ], [ 77.734523114298355, 16.92978312363336 ], [ 77.7350132, 16.9298072 ], [ 77.73550328570164, 16.92978312363336 ], [ 77.735988651610072, 16.929711126402015 ], [ 77.736464623386269, 16.929591901678663 ], [ 77.736926617161828, 16.929426597662555 ], [ 77.737370183684121, 16.92921680632174 ], [ 77.73779105116509, 16.928964548061511 ], [ 77.73818516642082, 16.928672252266814 ], [ 77.738309281617759, 16.928559760809435 ], [ 77.738677114298355, 16.928614323633361 ], [ 77.7391672, 16.9286384 ], [ 77.739657285701639, 16.928614323633361 ], [ 77.740142651610071, 16.928542326402017 ], [ 77.740618623386268, 16.928423101678664 ], [ 77.741080617161828, 16.928257797662557 ], [ 77.74152418368412, 16.928048006321742 ], [ 77.741945051165089, 16.927795748061513 ], [ 77.74233916642082, 16.927503452266816 ], [ 77.742702733905929, 16.927173933905934 ], [ 77.743032252266815, 16.92681036642082 ], [ 77.743324548061508, 16.926416251165101 ], [ 77.743576806321741, 16.925995383684132 ], [ 77.743786597662549, 16.925551817161828 ], [ 77.743951901678656, 16.925089823386273 ], [ 77.744071126402019, 16.924613851610083 ], [ 77.744143123633364, 16.924128485701651 ], [ 77.7441672, 16.9236384 ], [ 77.744143123633364, 16.923148314298352 ], [ 77.744071126402019, 16.92266294838992 ], [ 77.743951901678656, 16.92218697661373 ], [ 77.743786597662549, 16.921724982838175 ], [ 77.743576806321741, 16.921281416315871 ], [ 77.743324548061508, 16.920860548834902 ], [ 77.743032252266815, 16.920466433579183 ], [ 77.742702733905929, 16.920102866094069 ], [ 77.74233916642082, 16.919773347733187 ], [ 77.741945051165089, 16.91948105193849 ], [ 77.74152418368412, 16.919228793678261 ], [ 77.741080617161828, 16.919019002337446 ], [ 77.740618623386268, 16.918853698321339 ], [ 77.740142651610071, 16.918734473597986 ], [ 77.739657285701639, 16.918662476366642 ] ] ], [ [ [ 77.73636741716183, 16.951719802337443 ], [ 77.735905423386271, 16.951554498321336 ], [ 77.735429451610074, 16.951435273597983 ], [ 77.734944085701642, 16.951363276366639 ], [ 77.734454, 16.9513392 ], [ 77.733963914298357, 16.951363276366639 ], [ 77.733478548389925, 16.951435273597983 ], [ 77.733002576613728, 16.951554498321336 ], [ 77.732540582838169, 16.951719802337443 ], [ 77.732097016315876, 16.951929593678258 ], [ 77.731676148834907, 16.952181851938487 ], [ 77.731590864708593, 16.95224510295736 ], [ 77.731136985701639, 16.952177776366639 ], [ 77.7306469, 16.9521537 ], [ 77.730156814298354, 16.952177776366639 ], [ 77.729671448389922, 16.952249773597984 ], [ 77.729195476613725, 16.952368998321337 ], [ 77.728733482838166, 16.952534302337444 ], [ 77.728289916315873, 16.952744093678259 ], [ 77.727869048834904, 16.952996351938488 ], [ 77.727474933579174, 16.953288647733185 ], [ 77.727111366094064, 16.953618166094067 ], [ 77.726781847733179, 16.95398173357918 ], [ 77.726489551938485, 16.9543758488349 ], [ 77.726237293678253, 16.954796716315869 ], [ 77.726027502337445, 16.955240282838172 ], [ 77.725862198321337, 16.955702276613728 ], [ 77.725742973597974, 16.956178248389918 ], [ 77.725670976366629, 16.95666361429835 ], [ 77.7256469, 16.9571537 ], [ 77.725670976366629, 16.957643785701649 ], [ 77.725742973597974, 16.95812915161008 ], [ 77.725862198321337, 16.95860512338627 ], [ 77.726027502337445, 16.959067117161826 ], [ 77.726237293678253, 16.95951068368413 ], [ 77.726489551938485, 16.959931551165099 ], [ 77.726781847733179, 16.960325666420818 ], [ 77.727111366094064, 16.960689233905931 ], [ 77.727474933579174, 16.961018752266813 ], [ 77.727869048834904, 16.961311048061511 ], [ 77.728289916315873, 16.961563306321739 ], [ 77.728733482838166, 16.961773097662554 ], [ 77.729195476613725, 16.961938401678662 ], [ 77.729671448389922, 16.962057626402014 ], [ 77.730156814298354, 16.962129623633359 ], [ 77.7306469, 16.9621537 ], [ 77.731136985701639, 16.962129623633359 ], [ 77.731622351610071, 16.962057626402014 ], [ 77.732098323386268, 16.961938401678662 ], [ 77.732560317161827, 16.961773097662554 ], [ 77.73300388368412, 16.961563306321739 ], [ 77.733424751165089, 16.961311048061511 ], [ 77.733510035291403, 16.961247797042638 ], [ 77.733963914298357, 16.961315123633359 ], [ 77.734454, 16.9613392 ], [ 77.734944085701642, 16.961315123633359 ], [ 77.735429451610074, 16.961243126402014 ], [ 77.735905423386271, 16.961123901678661 ], [ 77.73636741716183, 16.960958597662554 ], [ 77.736810983684123, 16.960748806321739 ], [ 77.737231851165092, 16.96049654806151 ], [ 77.737625966420822, 16.960204252266813 ], [ 77.737989533905932, 16.959874733905931 ], [ 77.738319052266817, 16.959511166420818 ], [ 77.738611348061511, 16.959117051165098 ], [ 77.738863606321743, 16.958696183684129 ], [ 77.739073397662551, 16.958252617161826 ], [ 77.739238701678659, 16.95779062338627 ], [ 77.739357926402022, 16.95731465161008 ], [ 77.739429923633367, 16.956829285701648 ], [ 77.739454, 16.9563392 ], [ 77.739429923633367, 16.955849114298349 ], [ 77.739357926402022, 16.955363748389917 ], [ 77.739238701678659, 16.954887776613727 ], [ 77.739073397662551, 16.954425782838172 ], [ 77.738863606321743, 16.953982216315868 ], [ 77.738611348061511, 16.953561348834899 ], [ 77.738319052266817, 16.95316723357918 ], [ 77.737989533905932, 16.952803666094066 ], [ 77.737625966420822, 16.952474147733184 ], [ 77.737231851165092, 16.952181851938487 ], [ 77.736810983684123, 16.951929593678258 ], [ 77.73636741716183, 16.951719802337443 ] ] ], [ [ [ 77.703862217161827, 16.955261902337444 ], [ 77.703400223386268, 16.955096598321337 ], [ 77.702924251610071, 16.954977373597984 ], [ 77.702438885701639, 16.954905376366639 ], [ 77.7019488, 16.9548813 ], [ 77.701458714298354, 16.954905376366639 ], [ 77.700973348389923, 16.954977373597984 ], [ 77.700497376613725, 16.955096598321337 ], [ 77.700035382838166, 16.955261902337444 ], [ 77.699591816315873, 16.955471693678259 ], [ 77.699170948834904, 16.955723951938488 ], [ 77.698776833579174, 16.956016247733185 ], [ 77.698413266094065, 16.956345766094067 ], [ 77.698083747733179, 16.95670933357918 ], [ 77.697791451938485, 16.9571034488349 ], [ 77.697539193678253, 16.957524316315869 ], [ 77.697329402337445, 16.957967882838172 ], [ 77.697164098321338, 16.958429876613728 ], [ 77.697044873597974, 16.958905848389918 ], [ 77.69697287636663, 16.95939121429835 ], [ 77.6969488, 16.9598813 ], [ 77.69697287636663, 16.960371385701649 ], [ 77.697044873597974, 16.960856751610081 ], [ 77.697164098321338, 16.961332723386271 ], [ 77.697329402337445, 16.961794717161826 ], [ 77.697375615412909, 16.961892426500494 ], [ 77.6973729, 16.9619477 ], [ 77.697396976366633, 16.962437785701649 ], [ 77.697468973597978, 16.962923151610081 ], [ 77.697588198321341, 16.963399123386271 ], [ 77.697753502337449, 16.963861117161827 ], [ 77.697963293678256, 16.96430468368413 ], [ 77.698215551938489, 16.964725551165099 ], [ 77.698507847733183, 16.965119666420819 ], [ 77.698837366094068, 16.965483233905932 ], [ 77.699200933579178, 16.965812752266814 ], [ 77.699595048834908, 16.966105048061511 ], [ 77.700015916315877, 16.96635730632174 ], [ 77.70045948283817, 16.966567097662555 ], [ 77.700921476613729, 16.966732401678662 ], [ 77.701397448389926, 16.966851626402015 ], [ 77.701796166337687, 16.966910770622547 ], [ 77.701798176366637, 16.966951685701648 ], [ 77.701870173597982, 16.96743705161008 ], [ 77.701989398321345, 16.96791302338627 ], [ 77.702154702337452, 16.968375017161826 ], [ 77.70236449367826, 16.968818583684129 ], [ 77.702616751938493, 16.969239451165098 ], [ 77.702909047733186, 16.969633566420818 ], [ 77.703238566094072, 16.969997133905931 ], [ 77.703602133579182, 16.970326652266813 ], [ 77.703996248834912, 16.97061894806151 ], [ 77.704417116315881, 16.970871206321739 ], [ 77.704860682838174, 16.971080997662554 ], [ 77.705322676613733, 16.971246301678661 ], [ 77.70579864838993, 16.971365526402014 ], [ 77.706284014298362, 16.971437523633359 ], [ 77.7067741, 16.9714616 ], [ 77.707264185701646, 16.971437523633359 ], [ 77.707749551610078, 16.971365526402014 ], [ 77.708225523386275, 16.971246301678661 ], [ 77.708687517161835, 16.971080997662554 ], [ 77.709131083684127, 16.970871206321739 ], [ 77.709551951165096, 16.97061894806151 ], [ 77.709946066420827, 16.970326652266813 ], [ 77.710309633905936, 16.969997133905931 ], [ 77.710639152266822, 16.969633566420818 ], [ 77.710931448061515, 16.969239451165098 ], [ 77.711183706321748, 16.968818583684129 ], [ 77.711393497662556, 16.968375017161826 ], [ 77.711558801678663, 16.96791302338627 ], [ 77.711678026402026, 16.96743705161008 ], [ 77.711750023633371, 16.966951685701648 ], [ 77.7117741, 16.9664616 ], [ 77.711750023633371, 16.965971514298349 ], [ 77.711678026402026, 16.965486148389918 ], [ 77.711558801678663, 16.965010176613728 ], [ 77.711393497662556, 16.964548182838172 ], [ 77.711183706321748, 16.964104616315868 ], [ 77.710931448061515, 16.963683748834899 ], [ 77.710639152266822, 16.96328963357918 ], [ 77.710309633905936, 16.962926066094067 ], [ 77.709946066420827, 16.962596547733185 ], [ 77.709551951165096, 16.962304251938487 ], [ 77.709131083684127, 16.962051993678259 ], [ 77.708687517161835, 16.961842202337444 ], [ 77.708225523386275, 16.961676898321336 ], [ 77.707749551610078, 16.961557673597984 ], [ 77.707350833662318, 16.961498529377451 ], [ 77.707348823633367, 16.96145761429835 ], [ 77.707276826402023, 16.960972248389918 ], [ 77.707157601678659, 16.960496276613728 ], [ 77.706992297662552, 16.960034282838173 ], [ 77.706946084587088, 16.959936573499505 ], [ 77.7069488, 16.9598813 ], [ 77.706924723633364, 16.95939121429835 ], [ 77.706852726402019, 16.958905848389918 ], [ 77.706733501678656, 16.958429876613728 ], [ 77.706568197662548, 16.957967882838172 ], [ 77.706358406321741, 16.957524316315869 ], [ 77.706106148061508, 16.9571034488349 ], [ 77.705813852266814, 16.95670933357918 ], [ 77.705484333905929, 16.956345766094067 ], [ 77.705120766420819, 16.956016247733185 ], [ 77.704726651165089, 16.955723951938488 ], [ 77.70430578368412, 16.955471693678259 ], [ 77.703862217161827, 16.955261902337444 ] ] ], [ [ [ 77.738259723386278, 16.966685398321339 ], [ 77.737783751610081, 16.966566173597986 ], [ 77.737298385701649, 16.966494176366641 ], [ 77.7368083, 16.9664701 ], [ 77.736318214298365, 16.966494176366641 ], [ 77.735832848389933, 16.966566173597986 ], [ 77.735356876613736, 16.966685398321339 ], [ 77.734894882838176, 16.966850702337446 ], [ 77.734451316315884, 16.967060493678261 ], [ 77.734030448834915, 16.96731275193849 ], [ 77.733636333579184, 16.967605047733187 ], [ 77.733272766094075, 16.967934566094069 ], [ 77.732943247733189, 16.968298133579182 ], [ 77.732650951938496, 16.968692248834902 ], [ 77.732398693678263, 16.969113116315871 ], [ 77.732188902337455, 16.969556682838174 ], [ 77.732023598321348, 16.97001867661373 ], [ 77.731904373597985, 16.97049464838992 ], [ 77.73183237636664, 16.970980014298352 ], [ 77.731808300000012, 16.9714701 ], [ 77.73183237636664, 16.971960185701651 ], [ 77.731904373597985, 16.972445551610083 ], [ 77.732023598321348, 16.972921523386272 ], [ 77.732188902337455, 16.973383517161828 ], [ 77.732398693678263, 16.973827083684132 ], [ 77.732650951938496, 16.974247951165101 ], [ 77.732943247733189, 16.97464206642082 ], [ 77.733272766094075, 16.975005633905933 ], [ 77.733636333579184, 16.975335152266815 ], [ 77.734030448834915, 16.975627448061513 ], [ 77.734451316315884, 16.975879706321741 ], [ 77.734894882838176, 16.976089497662556 ], [ 77.735356876613736, 16.976254801678664 ], [ 77.735832848389933, 16.976374026402016 ], [ 77.736318214298365, 16.976446023633361 ], [ 77.7368083, 16.9764701 ], [ 77.737298385701649, 16.976446023633361 ], [ 77.737783751610081, 16.976374026402016 ], [ 77.738259723386278, 16.976254801678664 ], [ 77.738721717161837, 16.976089497662556 ], [ 77.73916528368413, 16.975879706321741 ], [ 77.739586151165099, 16.975627448061513 ], [ 77.739980266420829, 16.975335152266815 ], [ 77.740343833905939, 16.975005633905933 ], [ 77.740673352266825, 16.97464206642082 ], [ 77.740965648061518, 16.974247951165101 ], [ 77.741217906321751, 16.973827083684132 ], [ 77.741427697662559, 16.973383517161828 ], [ 77.741593001678666, 16.972921523386272 ], [ 77.741712226402029, 16.972445551610083 ], [ 77.741784223633374, 16.971960185701651 ], [ 77.7418083, 16.9714701 ], [ 77.741784223633374, 16.970980014298352 ], [ 77.741712226402029, 16.97049464838992 ], [ 77.741593001678666, 16.97001867661373 ], [ 77.741427697662559, 16.969556682838174 ], [ 77.741217906321751, 16.969113116315871 ], [ 77.740965648061518, 16.968692248834902 ], [ 77.740673352266825, 16.968298133579182 ], [ 77.740343833905939, 16.967934566094069 ], [ 77.739980266420829, 16.967605047733187 ], [ 77.739586151165099, 16.96731275193849 ], [ 77.73916528368413, 16.967060493678261 ], [ 77.738721717161837, 16.966850702337446 ], [ 77.738259723386278, 16.966685398321339 ] ] ], [ [ [ 77.737745085701647, 16.97710317636664 ], [ 77.737255, 16.9770791 ], [ 77.736764914298362, 16.97710317636664 ], [ 77.73627954838993, 16.977175173597985 ], [ 77.735803576613733, 16.977294398321337 ], [ 77.735341582838174, 16.977459702337445 ], [ 77.734898016315881, 16.97766949367826 ], [ 77.734477148834912, 16.977921751938489 ], [ 77.734083033579182, 16.978214047733186 ], [ 77.733719466094072, 16.978543566094068 ], [ 77.733389947733187, 16.978907133579181 ], [ 77.733097651938493, 16.979301248834901 ], [ 77.732845393678261, 16.97972211631587 ], [ 77.732635602337453, 16.980165682838173 ], [ 77.732470298321346, 16.980627676613729 ], [ 77.732351073597982, 16.981103648389919 ], [ 77.732279076366638, 16.981589014298351 ], [ 77.732255, 16.9820791 ], [ 77.732279076366638, 16.982569185701649 ], [ 77.732351073597982, 16.983054551610081 ], [ 77.732470298321346, 16.983530523386271 ], [ 77.73247998658222, 16.983557600261506 ], [ 77.732492973597971, 16.98364515161008 ], [ 77.732612198321334, 16.98412112338627 ], [ 77.732777502337441, 16.984583117161826 ], [ 77.732987293678249, 16.985026683684129 ], [ 77.733239551938482, 16.985447551165098 ], [ 77.733531847733175, 16.985841666420818 ], [ 77.733861366094061, 16.986205233905931 ], [ 77.734224933579171, 16.986534752266813 ], [ 77.734619048834901, 16.98682704806151 ], [ 77.73494383375332, 16.987021716650013 ], [ 77.734952993678263, 16.987041083684129 ], [ 77.735205251938496, 16.987461951165098 ], [ 77.735497547733189, 16.987856066420818 ], [ 77.735827066094075, 16.988219633905931 ], [ 77.736190633579184, 16.988549152266813 ], [ 77.736584748834915, 16.98884144806151 ], [ 77.737005616315884, 16.989093706321739 ], [ 77.737449182838176, 16.989303497662554 ], [ 77.737911176613736, 16.989468801678662 ], [ 77.738387148389933, 16.989588026402014 ], [ 77.738872514298365, 16.989660023633359 ], [ 77.7393626, 16.9896841 ], [ 77.739852685701649, 16.989660023633359 ], [ 77.740338051610081, 16.989588026402014 ], [ 77.740814023386278, 16.989468801678662 ], [ 77.741276017161837, 16.989303497662554 ], [ 77.74171958368413, 16.989093706321739 ], [ 77.742140451165099, 16.98884144806151 ], [ 77.742534566420829, 16.988549152266813 ], [ 77.742898133905939, 16.988219633905931 ], [ 77.743227652266825, 16.987856066420818 ], [ 77.743519948061518, 16.987461951165098 ], [ 77.743772206321751, 16.987041083684129 ], [ 77.743981997662559, 16.986597517161826 ], [ 77.744147301678666, 16.98613552338627 ], [ 77.744266526402029, 16.98565955161008 ], [ 77.744338523633374, 16.985174185701648 ], [ 77.7443626, 16.9846841 ], [ 77.744338523633374, 16.98419401429835 ], [ 77.744266526402029, 16.983708648389918 ], [ 77.744147301678666, 16.983232676613728 ], [ 77.743981997662559, 16.982770682838172 ], [ 77.743772206321751, 16.982327116315869 ], [ 77.743519948061518, 16.9819062488349 ], [ 77.743227652266825, 16.98151213357918 ], [ 77.742898133905939, 16.981148566094067 ], [ 77.742534566420829, 16.980819047733185 ], [ 77.742140451165099, 16.980526751938488 ], [ 77.741966225792623, 16.980422325268968 ], [ 77.741874397662556, 16.980165682838173 ], [ 77.741664606321748, 16.97972211631587 ], [ 77.741412348061516, 16.979301248834901 ], [ 77.741120052266822, 16.978907133579181 ], [ 77.740790533905937, 16.978543566094068 ], [ 77.740426966420827, 16.978214047733186 ], [ 77.740032851165097, 16.977921751938489 ], [ 77.739611983684128, 16.97766949367826 ], [ 77.739168417161835, 16.977459702337445 ], [ 77.738706423386276, 16.977294398321337 ], [ 77.738230451610079, 16.977175173597985 ], [ 77.737745085701647, 16.97710317636664 ] ] ], [ [ [ 77.706022523386267, 16.977475698321339 ], [ 77.70554655161007, 16.977356473597986 ], [ 77.705061185701638, 16.977284476366641 ], [ 77.7045711, 16.9772604 ], [ 77.704081014298353, 16.977284476366641 ], [ 77.703595648389921, 16.977356473597986 ], [ 77.703119676613724, 16.977475698321339 ], [ 77.702657682838165, 16.977641002337446 ], [ 77.702214116315872, 16.977850793678261 ], [ 77.701793248834903, 16.97810305193849 ], [ 77.701399133579173, 16.978395347733187 ], [ 77.701035566094063, 16.978724866094069 ], [ 77.700706047733178, 16.979088433579182 ], [ 77.700413751938484, 16.979482548834902 ], [ 77.700161493678252, 16.979903416315871 ], [ 77.699951702337444, 16.980346982838174 ], [ 77.699786398321336, 16.98080897661373 ], [ 77.699667173597973, 16.98128494838992 ], [ 77.699595176366628, 16.981770314298352 ], [ 77.6995711, 16.9822604 ], [ 77.699595176366628, 16.982750485701651 ], [ 77.699667173597973, 16.983235851610083 ], [ 77.699786398321336, 16.983711823386272 ], [ 77.699951702337444, 16.984173817161828 ], [ 77.700161493678252, 16.984617383684132 ], [ 77.700413751938484, 16.985038251165101 ], [ 77.700696459955125, 16.98541943879864 ], [ 77.700454451938484, 16.985745748834901 ], [ 77.700202193678251, 16.98616661631587 ], [ 77.699992402337443, 16.986610182838174 ], [ 77.699827098321336, 16.987072176613729 ], [ 77.699707873597973, 16.987548148389919 ], [ 77.699635876366628, 16.988033514298351 ], [ 77.6996118, 16.9885236 ], [ 77.699635876366628, 16.98901368570165 ], [ 77.69966138562755, 16.989185655170012 ], [ 77.699636148061515, 16.9891435488349 ], [ 77.699343852266821, 16.98874943357918 ], [ 77.699014333905936, 16.988385866094067 ], [ 77.698650766420826, 16.988056347733185 ], [ 77.698256651165096, 16.987764051938488 ], [ 77.697835783684127, 16.987511793678259 ], [ 77.697392217161834, 16.987302002337444 ], [ 77.696930223386275, 16.987136698321336 ], [ 77.696454251610078, 16.987017473597984 ], [ 77.695968885701646, 16.986945476366639 ], [ 77.6954788, 16.9869214 ], [ 77.694988714298361, 16.986945476366639 ], [ 77.694503348389929, 16.987017473597984 ], [ 77.694027376613732, 16.987136698321336 ], [ 77.693565382838173, 16.987302002337444 ], [ 77.69312181631588, 16.987511793678259 ], [ 77.692700948834911, 16.987764051938488 ], [ 77.692306833579181, 16.988056347733185 ], [ 77.691943266094071, 16.988385866094067 ], [ 77.691613747733186, 16.98874943357918 ], [ 77.691321451938492, 16.9891435488349 ], [ 77.69106919367826, 16.989564416315869 ], [ 77.690859402337452, 16.990007982838172 ], [ 77.690694098321345, 16.990469976613728 ], [ 77.690574873597981, 16.990945948389918 ], [ 77.690502876366637, 16.99143131429835 ], [ 77.6904788, 16.9919214 ], [ 77.690502876366637, 16.992411485701648 ], [ 77.690574873597981, 16.99289685161008 ], [ 77.690694098321345, 16.99337282338627 ], [ 77.690859402337452, 16.993834817161826 ], [ 77.69106919367826, 16.994278383684129 ], [ 77.691321451938492, 16.994699251165098 ], [ 77.691613747733186, 16.995093366420818 ], [ 77.691943266094071, 16.995456933905931 ], [ 77.692306833579181, 16.995786452266813 ], [ 77.692700948834911, 16.99607874806151 ], [ 77.69312181631588, 16.996331006321739 ], [ 77.693565382838173, 16.996540797662554 ], [ 77.694027376613732, 16.996706101678662 ], [ 77.694503348389929, 16.996825326402014 ], [ 77.694988714298361, 16.996897323633359 ], [ 77.6954788, 16.9969214 ], [ 77.695968885701646, 16.996897323633359 ], [ 77.696454251610078, 16.996825326402014 ], [ 77.696930223386275, 16.996706101678662 ], [ 77.697392217161834, 16.996540797662554 ], [ 77.697835783684127, 16.996331006321739 ], [ 77.698256651165096, 16.99607874806151 ], [ 77.698650766420826, 16.995786452266813 ], [ 77.699014333905936, 16.995456933905931 ], [ 77.699343852266821, 16.995093366420818 ], [ 77.699636148061515, 16.994699251165098 ], [ 77.699888406321747, 16.994278383684129 ], [ 77.700098197662555, 16.993834817161826 ], [ 77.700263501678663, 16.99337282338627 ], [ 77.700382726402026, 16.99289685161008 ], [ 77.700454723633371, 16.992411485701648 ], [ 77.700478206514333, 16.991933480678178 ], [ 77.700552151938496, 16.992056851165099 ], [ 77.700844447733189, 16.992450966420819 ], [ 77.701173966094075, 16.992814533905932 ], [ 77.701537533579184, 16.993144052266814 ], [ 77.701931648834915, 16.993436348061511 ], [ 77.702352516315884, 16.99368860632174 ], [ 77.702796082838177, 16.993898397662555 ], [ 77.703258076613736, 16.994063701678662 ], [ 77.703734048389933, 16.994182926402015 ], [ 77.704219414298365, 16.99425492363336 ], [ 77.7047095, 16.994279 ], [ 77.705199585701649, 16.99425492363336 ], [ 77.705684951610081, 16.994182926402015 ], [ 77.706160923386278, 16.994063701678662 ], [ 77.706622917161837, 16.993898397662555 ], [ 77.706774545656572, 16.993826682725519 ], [ 77.707128851610079, 16.993774126402016 ], [ 77.707604823386276, 16.993654901678664 ], [ 77.708066817161836, 16.993489597662556 ], [ 77.708510383684128, 16.993279806321741 ], [ 77.708931251165097, 16.993027548061512 ], [ 77.709262534903175, 16.992781851296204 ], [ 77.709339382838166, 16.992818197662555 ], [ 77.709801376613726, 16.992983501678662 ], [ 77.710277348389923, 16.993102726402014 ], [ 77.710762714298355, 16.993174723633359 ], [ 77.7112528, 16.9931988 ], [ 77.711742885701639, 16.993174723633359 ], [ 77.712228251610071, 16.993102726402014 ], [ 77.712704223386268, 16.992983501678662 ], [ 77.712776430341222, 16.992957665617059 ], [ 77.713115185701639, 16.99294102363336 ], [ 77.713179104602219, 16.992931542160118 ], [ 77.713441147733178, 16.993284866420819 ], [ 77.713770666094064, 16.993648433905932 ], [ 77.714134233579173, 16.993977952266814 ], [ 77.714528348834904, 16.994270248061511 ], [ 77.714949216315873, 16.99452250632174 ], [ 77.715392782838165, 16.994732297662555 ], [ 77.715854776613725, 16.994897601678662 ], [ 77.716330748389922, 16.995016826402015 ], [ 77.716816114298354, 16.99508882363336 ], [ 77.7173062, 16.9951129 ], [ 77.717796285701638, 16.99508882363336 ], [ 77.71828165161007, 16.995016826402015 ], [ 77.718757623386267, 16.994897601678662 ], [ 77.718793976699317, 16.994884594255264 ], [ 77.719228985701648, 16.994863223633359 ], [ 77.719478102995097, 16.994826270573622 ], [ 77.719810814298356, 16.994875623633359 ], [ 77.7203009, 16.9948997 ], [ 77.72079098570164, 16.994875623633359 ], [ 77.721276351610072, 16.994803626402014 ], [ 77.721560494860768, 16.994732452222891 ], [ 77.72171235161008, 16.994709926402017 ], [ 77.722188323386277, 16.994590701678664 ], [ 77.722650317161836, 16.994425397662557 ], [ 77.723093883684129, 16.994215606321742 ], [ 77.723514751165098, 16.993963348061513 ], [ 77.723671457313529, 16.993847126860924 ], [ 77.723883051938486, 16.994200151165099 ], [ 77.72417534773318, 16.994594266420819 ], [ 77.724504866094065, 16.994957833905932 ], [ 77.724868433579175, 16.995287352266814 ], [ 77.725262548834905, 16.995579648061511 ], [ 77.725683416315874, 16.99583190632174 ], [ 77.726126982838167, 16.996041697662555 ], [ 77.726588976613726, 16.996207001678663 ], [ 77.727064948389923, 16.996326226402015 ], [ 77.727550314298355, 16.99639822363336 ], [ 77.7280404, 16.9964223 ], [ 77.72853048570164, 16.99639822363336 ], [ 77.729015851610072, 16.996326226402015 ], [ 77.729491823386269, 16.996207001678663 ], [ 77.729953817161828, 16.996041697662555 ], [ 77.730397383684121, 16.99583190632174 ], [ 77.73081825116509, 16.995579648061511 ], [ 77.73121236642082, 16.995287352266814 ], [ 77.73157593390593, 16.994957833905932 ], [ 77.731905452266815, 16.994594266420819 ], [ 77.732197748061509, 16.994200151165099 ], [ 77.732450006321741, 16.99377928368413 ], [ 77.732659797662549, 16.993335717161827 ], [ 77.732825101678657, 16.992873723386271 ], [ 77.73294432640202, 16.992397751610081 ], [ 77.733016323633365, 16.991912385701649 ], [ 77.7330404, 16.9914223 ], [ 77.733016323633365, 16.990932214298351 ], [ 77.73294432640202, 16.990446848389919 ], [ 77.732825101678657, 16.989970876613729 ], [ 77.732659797662549, 16.989508882838173 ], [ 77.732450006321741, 16.98906531631587 ], [ 77.732197748061509, 16.988644448834901 ], [ 77.731905452266815, 16.988250333579181 ], [ 77.73157593390593, 16.987886766094068 ], [ 77.73121236642082, 16.987557247733186 ], [ 77.73081825116509, 16.987264951938489 ], [ 77.730397383684121, 16.98701269367826 ], [ 77.729953817161828, 16.986802902337445 ], [ 77.729491823386269, 16.986637598321337 ], [ 77.729015851610072, 16.986518373597985 ], [ 77.72853048570164, 16.98644637636664 ], [ 77.7280404, 16.9864223 ], [ 77.727550314298355, 16.98644637636664 ], [ 77.727064948389923, 16.986518373597985 ], [ 77.726588976613726, 16.986637598321337 ], [ 77.726359270030301, 16.986719788651111 ], [ 77.726341226402027, 16.98659814838992 ], [ 77.726222001678664, 16.98612217661373 ], [ 77.726056697662557, 16.985660182838174 ], [ 77.725846906321749, 16.985216616315871 ], [ 77.725594648061517, 16.984795748834902 ], [ 77.725302352266823, 16.984401633579182 ], [ 77.725081905370743, 16.984158407910677 ], [ 77.725303148389926, 16.984213826402016 ], [ 77.725788514298358, 16.98428582363336 ], [ 77.7262786, 16.9843099 ], [ 77.726768685701643, 16.98428582363336 ], [ 77.727254051610075, 16.984213826402016 ], [ 77.727730023386272, 16.984094601678663 ], [ 77.72779490695018, 16.984071385968278 ], [ 77.727908223386265, 16.984043001678664 ], [ 77.728370217161824, 16.983877697662557 ], [ 77.728813783684117, 16.983667906321742 ], [ 77.729234651165086, 16.983415648061513 ], [ 77.729628766420817, 16.983123352266816 ], [ 77.729992333905926, 16.982793833905934 ], [ 77.730321852266812, 16.98243026642082 ], [ 77.730614148061505, 16.982036151165101 ], [ 77.730866406321738, 16.981615283684132 ], [ 77.731076197662546, 16.981171717161828 ], [ 77.731241501678653, 16.980709723386273 ], [ 77.731360726402016, 16.980233751610083 ], [ 77.731432723633361, 16.979748385701651 ], [ 77.731456799999989, 16.9792583 ], [ 77.731432723633361, 16.978768214298352 ], [ 77.731360726402016, 16.97828284838992 ], [ 77.731241501678653, 16.97780687661373 ], [ 77.731076197662546, 16.977344882838175 ], [ 77.730866406321738, 16.976901316315871 ], [ 77.730614148061505, 16.976480448834902 ], [ 77.730321852266812, 16.976086333579183 ], [ 77.729992333905926, 16.975722766094069 ], [ 77.729628766420817, 16.975393247733187 ], [ 77.729234651165086, 16.97510095193849 ], [ 77.728813783684117, 16.974848693678261 ], [ 77.728370217161824, 16.974638902337446 ], [ 77.727908223386265, 16.974473598321339 ], [ 77.727432251610068, 16.974354373597986 ], [ 77.726946885701636, 16.974282376366642 ], [ 77.7264568, 16.9742583 ], [ 77.725966714298352, 16.974282376366642 ], [ 77.72548134838992, 16.974354373597986 ], [ 77.725005376613723, 16.974473598321339 ], [ 77.724940493049814, 16.974496814031724 ], [ 77.724827176613729, 16.974525198321338 ], [ 77.72436518283817, 16.974690502337445 ], [ 77.723921616315877, 16.97490029367826 ], [ 77.723500748834908, 16.975152551938489 ], [ 77.723106633579178, 16.975444847733186 ], [ 77.722743066094068, 16.975774366094068 ], [ 77.722413547733183, 16.976137933579182 ], [ 77.722121251938489, 16.976532048834901 ], [ 77.721868993678257, 16.97695291631587 ], [ 77.721659202337449, 16.977396482838174 ], [ 77.721493898321341, 16.977858476613729 ], [ 77.721374673597978, 16.978334448389919 ], [ 77.721302676366633, 16.978819814298351 ], [ 77.7212786, 16.9793099 ], [ 77.721302676366633, 16.97979998570165 ], [ 77.721374673597978, 16.980285351610082 ], [ 77.721493898321341, 16.980761323386272 ], [ 77.721659202337449, 16.981223317161827 ], [ 77.721868993678257, 16.981666883684131 ], [ 77.722121251938489, 16.9820877511651 ], [ 77.722413547733183, 16.982481866420819 ], [ 77.722633994629263, 16.982725092089325 ], [ 77.722412751610079, 16.982669673597986 ], [ 77.721927385701647, 16.982597676366641 ], [ 77.7214373, 16.9825736 ], [ 77.720947214298363, 16.982597676366641 ], [ 77.7206146203457, 16.982647012019058 ], [ 77.7206203, 16.9825314 ], [ 77.720596223633365, 16.98204131429835 ], [ 77.72052422640202, 16.981555948389918 ], [ 77.720405001678657, 16.981079976613728 ], [ 77.720239697662549, 16.980617982838172 ], [ 77.720029906321741, 16.980174416315869 ], [ 77.719777648061509, 16.9797535488349 ], [ 77.719485352266815, 16.97935943357918 ], [ 77.71915583390593, 16.978995866094067 ], [ 77.71879226642082, 16.978666347733185 ], [ 77.71839815116509, 16.978374051938488 ], [ 77.717977283684121, 16.978121793678259 ], [ 77.717533717161828, 16.977912002337444 ], [ 77.717071723386269, 16.977746698321337 ], [ 77.716595751610072, 16.977627473597984 ], [ 77.71611038570164, 16.977555476366639 ], [ 77.7156203, 16.9775314 ], [ 77.715130214298355, 16.977555476366639 ], [ 77.714644848389923, 16.977627473597984 ], [ 77.714168876613726, 16.977746698321337 ], [ 77.713706882838167, 16.977912002337444 ], [ 77.713263316315874, 16.978121793678259 ], [ 77.712842448834905, 16.978374051938488 ], [ 77.712448333579175, 16.978666347733185 ], [ 77.712084766094065, 16.978995866094067 ], [ 77.71175524773318, 16.97935943357918 ], [ 77.711462951938486, 16.9797535488349 ], [ 77.711210693678254, 16.980174416315869 ], [ 77.711000902337446, 16.980617982838172 ], [ 77.710835598321339, 16.981079976613728 ], [ 77.710716373597975, 16.981555948389918 ], [ 77.710677958512051, 16.981814921863283 ], [ 77.710408976613735, 16.981882298321338 ], [ 77.709946982838176, 16.982047602337445 ], [ 77.709570394559961, 16.982225715328056 ], [ 77.709569408189239, 16.98222596240106 ], [ 77.709547023633363, 16.981770314298352 ], [ 77.709475026402018, 16.98128494838992 ], [ 77.709355801678655, 16.98080897661373 ], [ 77.709190497662547, 16.980346982838174 ], [ 77.708980706321739, 16.979903416315871 ], [ 77.708728448061507, 16.979482548834902 ], [ 77.708436152266813, 16.979088433579182 ], [ 77.708106633905928, 16.978724866094069 ], [ 77.707743066420818, 16.978395347733187 ], [ 77.707348951165088, 16.97810305193849 ], [ 77.706928083684119, 16.977850793678261 ], [ 77.706484517161826, 16.977641002337446 ], [ 77.706022523386267, 16.977475698321339 ] ] ], [ [ [ 77.746021923386266, 16.994783398321339 ], [ 77.745545951610069, 16.994664173597986 ], [ 77.745060585701637, 16.994592176366641 ], [ 77.7445705, 16.9945681 ], [ 77.744080414298352, 16.994592176366641 ], [ 77.743595048389921, 16.994664173597986 ], [ 77.743119076613723, 16.994783398321339 ], [ 77.742657082838164, 16.994948702337446 ], [ 77.742213516315871, 16.995158493678261 ], [ 77.741792648834902, 16.99541075193849 ], [ 77.741398533579172, 16.995703047733187 ], [ 77.741034966094062, 16.996032566094069 ], [ 77.740705447733177, 16.996396133579182 ], [ 77.740413151938483, 16.996790248834902 ], [ 77.740160893678251, 16.997211116315871 ], [ 77.739951102337443, 16.997654682838174 ], [ 77.739785798321336, 16.99811667661373 ], [ 77.739666573597972, 16.99859264838992 ], [ 77.739594576366628, 16.999078014298352 ], [ 77.7395705, 16.9995681 ], [ 77.739594576366628, 17.000058185701651 ], [ 77.739666573597972, 17.000543551610082 ], [ 77.739785798321336, 17.001019523386272 ], [ 77.739951102337443, 17.001481517161828 ], [ 77.740160893678251, 17.001925083684132 ], [ 77.740413151938483, 17.002345951165101 ], [ 77.740705447733177, 17.00274006642082 ], [ 77.741034966094062, 17.003103633905933 ], [ 77.741398533579172, 17.003433152266815 ], [ 77.741792648834902, 17.003725448061513 ], [ 77.742213516315871, 17.003977706321741 ], [ 77.742657082838164, 17.004187497662556 ], [ 77.743119076613723, 17.004352801678664 ], [ 77.743595048389921, 17.004472026402016 ], [ 77.744080414298352, 17.004544023633361 ], [ 77.7445705, 17.0045681 ], [ 77.745060585701637, 17.004544023633361 ], [ 77.745545951610069, 17.004472026402016 ], [ 77.746021923386266, 17.004352801678664 ], [ 77.746483917161825, 17.004187497662556 ], [ 77.74685436914676, 17.004012286922517 ], [ 77.747001402337446, 17.004423217161825 ], [ 77.747211193678254, 17.004866783684129 ], [ 77.747463451938486, 17.005287651165098 ], [ 77.74775574773318, 17.005681766420818 ], [ 77.748085266094066, 17.006045333905931 ], [ 77.748448833579175, 17.006374852266813 ], [ 77.748842948834906, 17.00666714806151 ], [ 77.749263816315874, 17.006919406321739 ], [ 77.749707382838167, 17.007129197662554 ], [ 77.750169376613727, 17.007294501678661 ], [ 77.750645348389924, 17.007413726402014 ], [ 77.751130714298355, 17.007485723633359 ], [ 77.7516208, 17.0075098 ], [ 77.75211088570164, 17.007485723633359 ], [ 77.752596251610072, 17.007413726402014 ], [ 77.753072223386269, 17.007294501678661 ], [ 77.753534217161828, 17.007129197662554 ], [ 77.753977783684121, 17.006919406321739 ], [ 77.75439865116509, 17.00666714806151 ], [ 77.75479276642082, 17.006374852266813 ], [ 77.75515633390593, 17.006045333905931 ], [ 77.755485852266816, 17.005681766420818 ], [ 77.755778148061509, 17.005287651165098 ], [ 77.756030406321742, 17.004866783684129 ], [ 77.756240197662549, 17.004423217161825 ], [ 77.756405501678657, 17.00396122338627 ], [ 77.75652472640202, 17.00348525161008 ], [ 77.756596723633365, 17.002999885701648 ], [ 77.7566208, 17.0025098 ], [ 77.756596723633365, 17.002019714298349 ], [ 77.75652472640202, 17.001534348389917 ], [ 77.756405501678657, 17.001058376613727 ], [ 77.756240197662549, 17.000596382838172 ], [ 77.756030406321742, 17.000152816315868 ], [ 77.755778148061509, 16.999731948834899 ], [ 77.755485852266816, 16.99933783357918 ], [ 77.75515633390593, 16.998974266094066 ], [ 77.75479276642082, 16.998644747733184 ], [ 77.75439865116509, 16.998352451938487 ], [ 77.753977783684121, 16.998100193678258 ], [ 77.753534217161828, 16.997890402337443 ], [ 77.753072223386269, 16.997725098321336 ], [ 77.752596251610072, 16.997605873597983 ], [ 77.75211088570164, 16.997533876366639 ], [ 77.7516208, 16.9975098 ], [ 77.751130714298355, 16.997533876366639 ], [ 77.750645348389924, 16.997605873597983 ], [ 77.750169376613727, 16.997725098321336 ], [ 77.749707382838167, 16.997890402337443 ], [ 77.749336930853232, 16.998065613077483 ], [ 77.749189897662546, 16.997654682838174 ], [ 77.748980106321739, 16.997211116315871 ], [ 77.748727848061506, 16.996790248834902 ], [ 77.748435552266812, 16.996396133579182 ], [ 77.748106033905927, 16.996032566094069 ], [ 77.747742466420817, 16.995703047733187 ], [ 77.747348351165087, 16.99541075193849 ], [ 77.746927483684118, 16.995158493678261 ], [ 77.746483917161825, 16.994948702337446 ], [ 77.746021923386266, 16.994783398321339 ] ] ], [ [ [ 77.733740123386269, 17.010698698321338 ], [ 77.733264151610072, 17.010579473597986 ], [ 77.73277878570164, 17.010507476366641 ], [ 77.7322887, 17.0104834 ], [ 77.731798614298356, 17.010507476366641 ], [ 77.731313248389924, 17.010579473597986 ], [ 77.730837276613727, 17.010698698321338 ], [ 77.730375282838168, 17.010864002337446 ], [ 77.729931716315875, 17.011073793678261 ], [ 77.729510848834906, 17.011326051938489 ], [ 77.729116733579176, 17.011618347733187 ], [ 77.728753166094066, 17.011947866094069 ], [ 77.72842364773318, 17.012311433579182 ], [ 77.728131351938487, 17.012705548834901 ], [ 77.727879093678254, 17.01312641631587 ], [ 77.727669302337446, 17.013569982838174 ], [ 77.727503998321339, 17.01403197661373 ], [ 77.727384773597976, 17.01450794838992 ], [ 77.727312776366631, 17.014993314298351 ], [ 77.7272887, 17.0154834 ], [ 77.727312776366631, 17.01597348570165 ], [ 77.727384773597976, 17.016458851610082 ], [ 77.727503998321339, 17.016934823386272 ], [ 77.727669302337446, 17.017396817161828 ], [ 77.727879093678254, 17.017840383684131 ], [ 77.728131351938487, 17.0182612511651 ], [ 77.72842364773318, 17.01865536642082 ], [ 77.728753166094066, 17.019018933905933 ], [ 77.729116733579176, 17.019348452266815 ], [ 77.729510848834906, 17.019640748061512 ], [ 77.729931716315875, 17.019893006321741 ], [ 77.730375282838168, 17.020102797662556 ], [ 77.730837276613727, 17.020268101678663 ], [ 77.731313248389924, 17.020387326402016 ], [ 77.731798614298356, 17.020459323633361 ], [ 77.7322887, 17.0204834 ], [ 77.73277878570164, 17.020459323633361 ], [ 77.733264151610072, 17.020387326402016 ], [ 77.733740123386269, 17.020268101678663 ], [ 77.734202117161828, 17.020102797662556 ], [ 77.734645683684121, 17.019893006321741 ], [ 77.73506655116509, 17.019640748061512 ], [ 77.735460666420821, 17.019348452266815 ], [ 77.73582423390593, 17.019018933905933 ], [ 77.736153752266816, 17.01865536642082 ], [ 77.736446048061509, 17.0182612511651 ], [ 77.736698306321742, 17.017840383684131 ], [ 77.73690809766255, 17.017396817161828 ], [ 77.737073401678657, 17.016934823386272 ], [ 77.73719262640202, 17.016458851610082 ], [ 77.737264623633365, 17.01597348570165 ], [ 77.7372887, 17.0154834 ], [ 77.737264623633365, 17.014993314298351 ], [ 77.73719262640202, 17.01450794838992 ], [ 77.737073401678657, 17.01403197661373 ], [ 77.73690809766255, 17.013569982838174 ], [ 77.736698306321742, 17.01312641631587 ], [ 77.736446048061509, 17.012705548834901 ], [ 77.736153752266816, 17.012311433579182 ], [ 77.73582423390593, 17.011947866094069 ], [ 77.735460666420821, 17.011618347733187 ], [ 77.73506655116509, 17.011326051938489 ], [ 77.734645683684121, 17.011073793678261 ], [ 77.734202117161828, 17.010864002337446 ], [ 77.733740123386269, 17.010698698321338 ] ] ] ] } }
]
}
